,Country,Center,Type,Region,Lat,Long,Location_des
0,Liberia,Bonjeh clinic,Public Clinic,Bomi,6.488652,-10.853672999999999,"Bonjeh clinic, Bomi"
1,Liberia,Jenneh #3 clinic,Public Clinic,Bomi,6.53735,-10.8532,"Jenneh #3 clinic, Bomi"
2,Liberia,Beh Town clinic,Public Clinic,Bomi,6.617460792999999,-10.98715176,"Beh Town clinic, Bomi"
3,Liberia,Bowein clinic,Gov. Hospital,Bomi,6.607968059,-10.87047949,"Bowein clinic, Bomi"
4,Liberia,Dagweh Clinic,Public Clinic,Bomi,6.566992965,-10.94626858,"Dagweh Clinic, Bomi"
5,Liberia,Vortor clinic,Public Clinic,Bomi,6.618174638999999,-11.03416872,"Vortor clinic, Bomi"
6,Liberia,Gbah Jekeh Town  Community Clinic,Public Clinic,Bomi,6.714683999999999,-10.971777000000001,"Gbah Jekeh Town  Community Clinic, Bomi"
7,Liberia,Weawolo,Clinic,Bomi,6.62395,-10.77383,"Weawolo, Bomi"
8,Liberia,Gohnzipo,Public Clinic,Bomi,6.66235,-10.92548,"Gohnzipo, Bomi"
9,Liberia,Gonjeh Clinic,Hospital,Bomi,6.64807,-10.83499,"Gonjeh Clinic, Bomi"
10,Liberia,Goghen Clinic,Public Clinic,Bomi,6.734145076,-10.73438826,"Goghen Clinic, Bomi"
11,Liberia,Juajuah clinic,Public Clinic,Bomi,6.6734842610000005,-10.75678262,"Juajuah clinic, Bomi"
12,Liberia,Klay Town clinic,Public Clinic,Bomi,6.692941959,-10.87441825,"Klay Town clinic, Bomi"
13,Liberia,Malema,Clinic,Bomi,6.6748899999999995,-10.97365,"Malema, Bomi"
14,Liberia,Sass/Sasstown,Public Clinic,Bomi,6.5825742410000005,-10.89117902,"Sass/Sasstown, Bomi"
15,Liberia,Sasstown Clinic,Clinic,Bomi,6.676069999999999,-10.78253,"Sasstown Clinic, Bomi"
16,Liberia,Zordee Community Clinic,Clinic,Bomi,6.6761,-10.7829,"Zordee Community Clinic, Bomi"
17,Liberia,Guthrie Plantation,Clinic,Bomi,6.739260000000001,-10.94557,"Guthrie Plantation, Bomi"
18,Liberia,Beafini clinic,Public Clinic,Bomi,6.861015299,-10.89858817,"Beafini clinic, Bomi"
19,Liberia,Besao clinic,Public Clinic,Bomi,6.729860221,-10.91344801,"Besao clinic, Bomi"
20,Liberia,Gayah Hill clinic,Public Clinic,Bomi,6.760613772999999,-10.909951,"Gayah Hill clinic, Bomi"
21,Liberia,Sackie Town,Clinic,Bomi,6.97606,-10.929739999999999,"Sackie Town, Bomi"
22,Liberia,Sakey clinic,Public Clinic,Bomi,6.570707111,-10.920969,"Sakey clinic, Bomi"
23,Liberia,Ahmiddiya,Clinic,Bomi,6.86888,-10.824000000000002,"Ahmiddiya, Bomi"
24,Liberia,Liberia Government Hospital,Hospital,Bomi,6.86717,-10.83035,"Liberia Government Hospital, Bomi"
25,Liberia,St. Luke's Clinic,Clinic,Bomi,6.8631660000000005,-10.820971,"St. Luke's Clinic, Bomi"
26,Liberia,Tubmanburg Government Hospital,Hospital,Bomi,6.871234897000001,-10.82806485,"Tubmanburg Government Hospital, Bomi"
27,Liberia,Alasala,Public Clinic,Bomi,6.583160648,-10.72933717,"Alasala, Bomi"
28,Liberia,Mecca Town,Public Clinic,Bomi,6.835048246,-10.57823728,"Mecca Town, Bomi"
29,Liberia,Mecca,Clinic,Bomi,6.83133,-10.57927,"Mecca, Bomi"
30,Liberia,Suehn Town Clinic,Public Clinic,Bomi,6.617598261,-10.70685009,"Suehn Town Clinic, Bomi"
31,Liberia,Fefeh Clinic,Clinic,Bomi,6.6516,-10.745,"Fefeh Clinic, Bomi"
32,Liberia,Mecca Community Clinic,Clinic,Bomi,6.834219999999999,-10.57827,"Mecca Community Clinic, Bomi"
33,Liberia,Weawolo Community Clinic,Clinic,Bomi,6.617434299999999,-10.7882773,"Weawolo Community Clinic, Bomi"
34,Liberia,Bong Mines Hospital,Hospital,Bong,6.806782052999999,-10.35739297,"Bong Mines Hospital, Bong"
35,Liberia,Haindi Clinic,Clinic,Bong,6.88793,-10.38544,"Haindi Clinic, Bong"
36,Liberia,Janyea,Clinic,Bong,6.69888,-9.52967,"Janyea, Bong"
37,Liberia,Africa First Baptist Mission (AFBM),Clinic,Bong,6.9796121289999995,-9.461446616,"Africa First Baptist Mission (AFBM), Bong"
38,Liberia,C.B. Dunbar Hospital,Hospital,Bong,7.004200176,-9.477676634,"C.B. Dunbar Hospital, Bong"
39,Liberia,Charles B. Dunbar,Clinic,Bong,7.004589999999999,-9.47743,"Charles B. Dunbar, Bong"
40,Liberia,Liberia Against Malnutrition (LAM),Clinic,Bong,7.0007,-9.473239999999999,"Liberia Against Malnutrition (LAM), Bong"
41,Liberia,Samay Clinic,Clinic,Bong,6.784332527,-9.442616278,"Samay Clinic, Bong"
42,Liberia,Gbecohn Health Center,Clinic,Bong,6.66861,-9.433489999999999,"Gbecohn Health Center, Bong"
43,Liberia,Bellemu Clinic,Clinic,Bong,7.193365963,-9.205787471,"Bellemu Clinic, Bong"
44,Liberia,Garmue Clinic,Clinic,Bong,7.233364625,-9.166311282999999,"Garmue Clinic, Bong"
45,Liberia,Jowah Clinic,Clinic,Bong,7.355543772000001,-9.233134215,"Jowah Clinic, Bong"
46,Liberia,Kpaii Clinic,Clinic,Bong,6.976439999999999,-9.23174,"Kpaii Clinic, Bong"
47,Liberia,Forquelleh Clinic,,Bong,7.127050057000001,-9.226858682,"Forquelleh Clinic, Bong"
48,Liberia,Palala Clinic,Clinic,Bong,7.001822306,-9.287095505,"Palala Clinic, Bong"
49,Liberia,Zebay,Clinic,Bong,6.92475,-9.20017,"Zebay, Bong"
50,Liberia,Zowienta,Clinic,Bong,6.81907,-9.18464,"Zowienta, Bong"
51,Liberia,Yila,Clinic,Bong,6.8594,-9.112860000000001,"Yila, Bong"
52,Liberia,Tokpaipolu Clinic,,Bong,6.72024689,-9.824290929,"Tokpaipolu Clinic, Bong"
53,Liberia,Salala Clinic,Clinic,Bong,6.749827592999999,-10.09803674,"Salala Clinic, Bong"
54,Liberia,Totota Clinic,Clinic,Bong,6.810664267000001,-9.941902011,"Totota Clinic, Bong"
55,Liberia,Zointa Clinic,,Bong,6.8158874879999995,-9.188245607,"Zointa Clinic, Bong"
56,Liberia,Gbonota Clinic,Clinic,Bong,7.108716364,-9.781772038,"Gbonota Clinic, Bong"
57,Liberia,Kelebei Clinic,,Bong,7.0136646129999995,-10.09275912,"Kelebei Clinic, Bong"
58,Liberia,Sanoyea Clinic,Clinic,Bong,6.974384731000001,-9.981692218,"Sanoyea Clinic, Bong"
59,Liberia,Fenutoli,Clinic,Bong,6.6790899999999995,-9.69132,"Fenutoli, Bong"
60,Liberia,Gbartala Clinic,Clinic,Bong,6.890260369,-9.673339927,"Gbartala Clinic, Bong"
61,Liberia,Gbartuah Clinic,,Bong,7.786053493,-9.511802859,"Gbartuah Clinic, Bong"
62,Liberia,Phebe Hospital,Hospital,Bong,6.6748,-9.5773,"Phebe Hospital, Bong"
63,Liberia,Phebe  OPD,Clinic,Bong,7.02813,-9.55407,"Phebe  OPD, Bong"
64,Liberia,Ebola Treatment Unit,,Bong,7.005653345,-9.554723702,"Ebola Treatment Unit, Bong"
65,Liberia,Gbanla Community,Clinic,Bong,7.005039999999999,-9.74837,"Gbanla Community, Bong"
66,Liberia,Zeansue Clinic,Clinic,Bong,6.88117471,-9.760577044,"Zeansue Clinic, Bong"
67,Liberia,Bong County ETC,,Bong,6.962219500000001,-9.7134459,"Bong County ETC, Bong"
68,Liberia,Rock Crusher Clinic,,Bong,6.509638807000001,-9.508756341,"Rock Crusher Clinic, Bong"
69,Liberia,Belefanai Clinic,Clinic,Bong,7.262580000000001,-9.43608,"Belefanai Clinic, Bong"
70,Liberia,Botota Clinic,Clinic,Bong,6.65331331,-9.376816285,"Botota Clinic, Bong"
71,Liberia,Gbalatuah,Clinic,Bong,7.312189999999999,-9.51117,"Gbalatuah, Bong"
72,Liberia,Gbansuesuloma,Clinic,Bong,7.2346,-9.615680000000001,"Gbansuesuloma, Bong"
73,Liberia,Bar Ta Clinic,Clinic,Bong,6.710810507000001,-9.295426703,"Bar Ta Clinic, Bong"
74,Liberia,Naama,Clinic,Bong,7.25802,-9.35202,"Naama, Bong"
75,Liberia,Shankpalai Clinic,,Bong,7.368504794,-9.33525813,"Shankpalai Clinic, Bong"
76,Liberia,Belle Baloma Clinic,,Gbarpolu,7.567459079,-9.971741919,"Belle Baloma Clinic, Gbarpolu"
77,Liberia,Fassama Clinic,Clinic,Gbarpolu,7.519487118,-9.987948087000001,"Fassama Clinic, Gbarpolu"
78,Liberia,Bellekpalunu Clinic,,Gbarpolu,7.157089577000001,-10.24250467,"Bellekpalunu Clinic, Gbarpolu"
79,Liberia,Gbangay,Clinic,Gbarpolu,7.1847199999999996,-10.308539999999999,"Gbangay, Gbarpolu"
80,Liberia,Gumgbeta Clinic,,Gbarpolu,7.257855131,-10.09514999,"Gumgbeta Clinic, Gbarpolu"
81,Liberia,Bopolu City Clinic,Clinic,Gbarpolu,7.06864917,-10.48668718,"Bopolu City Clinic, Gbarpolu"
82,Liberia,Chief Jallah Lone Medical Center,Hospital,Gbarpolu,7.0656,-10.48956,"Chief Jallah Lone Medical Center, Gbarpolu"
83,Liberia,Gbaayama Clinic,Clinic,Gbarpolu,7.066217999999999,-10.490959,"Gbaayama Clinic, Gbarpolu"
84,Liberia,Henry Town Clinic,Clinic,Gbarpolu,7.2652399999999995,-10.35247,"Henry Town Clinic, Gbarpolu"
85,Liberia,Small Henry Clinic,,Gbarpolu,7.877817642,-10.53204952,"Small Henry Clinic, Gbarpolu"
86,Liberia,Gokanla Clinic,Clinic,Gbarpolu,6.930709571,-10.63465704,"Gokanla Clinic, Gbarpolu"
87,Liberia,Gbaryamah,Clinic,Gbarpolu,7.0218,-10.62696,"Gbaryamah, Gbarpolu"
88,Liberia,Bambuta Clinic,Clinic,Gbarpolu,6.9549199999999995,-10.545819999999999,"Bambuta Clinic, Gbarpolu"
89,Liberia,Totaquelleh Clinic,Clinic,Gbarpolu,7.066218936,-10.39525146,"Totaquelleh Clinic, Gbarpolu"
90,Liberia,Gbarma Town Community Clinic,Clinic,Gbarpolu,6.995254445,-10.7887262,"Gbarma Town Community Clinic, Gbarpolu"
91,Liberia,Tarpoima Clinic,,Gbarpolu,7.171086247000001,-10.6762406,"Tarpoima Clinic, Gbarpolu"
92,Liberia,Weasua Clinic,Clinic,Gbarpolu,7.316279957999999,-10.53006083,"Weasua Clinic, Gbarpolu"
93,Liberia,Yangaya Clinic,Clinic,Gbarpolu,7.1106,-10.76018,"Yangaya Clinic, Gbarpolu"
94,Liberia,Yomo Town,Clinic,Gbarpolu,6.94755,-10.765089999999999,"Yomo Town, Gbarpolu"
95,Liberia,Yomo Town Clinic,Clinic,Gbarpolu,6.951946699,-10.76413062,"Yomo Town Clinic, Gbarpolu"
96,Liberia,Kpayeakwelle Clinic,Public Clinic,Gbarpolu,7.139622725,-9.985300357,"Kpayeakwelle Clinic, Gbarpolu"
97,Liberia,Gbalyamah Clinic,Public Clinic,Gbarpolu,7.135952079,-10.00974126,"Gbalyamah Clinic, Gbarpolu"
98,Liberia,Kungbor Clinic,Clinic,Gbarpolu,7.64716,-10.57585,"Kungbor Clinic, Gbarpolu"
99,Liberia,Zuie Clinic,,Gbarpolu,7.65923703,-10.46055739,"Zuie Clinic, Gbarpolu"
100,Liberia,SATMH - Mittal Steel,Hospital,Grand Bassa,5.87101,-10.02755,"SATMH - Mittal Steel, Grand Bassa"
101,Liberia,ACFI Clinic,Clinic,Grand Bassa,5.896594167999999,-10.02422926,"ACFI Clinic, Grand Bassa"
102,Liberia,ArcelorMittal Hospital,,Grand Bassa,5.863308381,-10.03430258,"ArcelorMittal Hospital, Grand Bassa"
103,Liberia,Christian Extension Ministry,Clinic,Grand Bassa,5.8791199999999995,-10.04224,"Christian Extension Ministry, Grand Bassa"
104,Liberia,Joriam,Clinic,Grand Bassa,5.88095,-10.04915,"Joriam, Grand Bassa"
105,Liberia,Liberian Government Hospital,Hospital,Grand Bassa,5.88373945,-10.03991336,"Liberian Government Hospital, Grand Bassa"
106,Liberia,St. Peter Claver Catholic Health Center,Health Center,Grand Bassa,5.876878649,-10.04247487,"St. Peter Claver Catholic Health Center, Grand Bassa"
107,Liberia,Well Baby,Clinic,Grand Bassa,5.88531,-10.034189999999999,"Well Baby, Grand Bassa"
108,Liberia,World Wide Clinic (CEM Center Clinic),,Grand Bassa,5.895552907000001,-10.02972832,"World Wide Clinic (CEM Center Clinic), Grand Bassa"
109,Liberia,"UNMIL Clinic, Buchanan",,Grand Bassa,5.863308381,-10.03430258,"UNMIL Clinic, Buchanan, Grand Bassa"
110,Liberia,Edina,Clinic,Grand Bassa,5.924869999999999,-10.0762,"Edina, Grand Bassa"
111,Liberia,Little Bassa,Clinic,Grand Bassa,6.033882714,-10.21531657,"Little Bassa, Grand Bassa"
112,Liberia,Lloydsville (Clinic),Clinic,Grand Bassa,6.11825,-10.13155,"Lloydsville (Clinic), Grand Bassa"
113,Liberia,Loyd Ville Town,,Grand Bassa,6.120904491,-10.12515111,"Loyd Ville Town, Grand Bassa"
114,Liberia,Jacob Lateh,Clinic,Grand Bassa,6.44338,-10.23,"Jacob Lateh, Grand Bassa"
115,Liberia,Compound 2,Clinic,Grand Bassa,6.21586,-9.916269999999999,"Compound 2, Grand Bassa"
116,Liberia,Senyah Community,Clinic,Grand Bassa,6.34486,-9.843,"Senyah Community, Grand Bassa"
117,Liberia,Barssegiah Town,Clinic,Grand Bassa,6.336993877,-9.636517634,"Barssegiah Town, Grand Bassa"
118,Liberia,Glay Town,,Grand Bassa,6.172220685,-9.745679951,"Glay Town, Grand Bassa"
119,Liberia,Brenda King Clinic,Clinic,Grand Bassa,5.89345,-10.02167,"Brenda King Clinic, Grand Bassa"
120,Liberia,"Mittal Steel Hospital,",Hospital,Grand Bassa,5.871499,-10.027783,"Mittal Steel Hospital,, Grand Bassa"
121,Liberia,SATMH - Mittal Steel Hosp,Hospital,Grand Bassa,5.871499,-10.027783,"SATMH - Mittal Steel Hosp, Grand Bassa"
122,Liberia,Compound 3 Clinic,Clinic,Grand Bassa,6.149498235,-9.78983313,"Compound 3 Clinic, Grand Bassa"
123,Liberia,YOU & ME Clinic,,Grand Bassa,5.859673125,-9.941497922,"YOU & ME Clinic, Grand Bassa"
124,Liberia,Desoe Town Clinic,Clinic,Grand Bassa,6.5159199999999995,-9.39252,"Desoe Town Clinic, Grand Bassa"
125,Liberia,Liberian Agriculture Company (LAC) Hospital,Hospital,Grand Bassa,6.088696892000001,-9.737223148,"Liberian Agriculture Company (LAC) Hospital, Grand Bassa"
126,Liberia,Zammie Clinic,Clinic,Grand Bassa,6.351538,-9.788089,"Zammie Clinic, Grand Bassa"
127,Liberia,Mission Camp (LAC),,Grand Bassa,6.003029292000001,-9.774359282999999,"Mission Camp (LAC), Grand Bassa"
128,Liberia,Compound 3,,Grand Bassa,6.172180709,-9.773697738,"Compound 3, Grand Bassa"
129,Liberia,Tubmanville Clinic,,Grand Bassa,6.007440406000001,-9.900414042000001,"Tubmanville Clinic, Grand Bassa"
130,Liberia,Sue Clinic,Clinic,Grand Bassa,6.56151,-9.21505,"Sue Clinic, Grand Bassa"
131,Liberia,Boeglay Town,Clinic,Grand Bassa,6.17212,-9.74643,"Boeglay Town, Grand Bassa"
132,Liberia,Garduor,Clinic,Grand Bassa,6.4212,-9.45952,"Garduor, Grand Bassa"
133,Liberia,Gleabo,,Grand Bassa,5.704449834,-9.829033228,"Gleabo, Grand Bassa"
134,Liberia,Compound 4,Clinic,Grand Bassa,5.9096400000000004,-9.71032,"Compound 4, Grand Bassa"
135,Liberia,Foster Town,Clinic,Grand Bassa,5.76089,-9.71904,"Foster Town, Grand Bassa"
136,Liberia,Little Kola (Clinic),Clinic,Grand Bassa,5.70366,-9.828669999999999,"Little Kola (Clinic), Grand Bassa"
137,Liberia,Joe Pue Town,,Grand Bassa,5.834688125,-9.840061155,"Joe Pue Town, Grand Bassa"
138,Liberia,Nyombern Town,,Grand Bassa,5.762484716,-9.723451162,"Nyombern Town, Grand Bassa"
139,Liberia,New-Cess Community Clinic,Clinic,Grand Bassa,5.82276,-9.90938,"New-Cess Community Clinic, Grand Bassa"
140,Liberia,Palm Bay Clinic,,Grand Bassa,5.824703909,-9.83266706,"Palm Bay Clinic, Grand Bassa"
141,Liberia,Bruskin Farm Village,,Grand Bassa,5.85352434,-9.940349552,"Bruskin Farm Village, Grand Bassa"
142,Liberia,"Camphor Mission Clinic, George Z. Dean Memorial Clinic",Clinic,Grand Bassa,5.9171,-9.91629,"Camphor Mission Clinic, George Z. Dean Memorial Clinic, Grand Bassa"
143,Liberia,John Wleh Town,,Grand Bassa,6.010976347000001,-9.900862567999999,"John Wleh Town, Grand Bassa"
144,Liberia,Moncre Town,,Grand Bassa,6.0046432229999995,-9.901755646,"Moncre Town, Grand Bassa"
145,Liberia,Fortsville Town Clinic,,Grand Bassa,6.043880141,-10.01527788,"Fortsville Town Clinic, Grand Bassa"
146,Liberia,SOS Children Clinic,,Grand Bassa,6.138329856,-9.979723524,"SOS Children Clinic, Grand Bassa"
147,Liberia,St. John Clinic,Clinic,Grand Bassa,6.040223445,-10.01664441,"St. John Clinic, Grand Bassa"
148,Liberia,Thelmas Zeon Memorial Clinic,,Grand Bassa,5.869765949,-9.95840576,"Thelmas Zeon Memorial Clinic, Grand Bassa"
149,Liberia,Bokay Town,Clinic,Grand Bassa,6.2119223329999995,-10.27175087,"Bokay Town, Grand Bassa"
150,Liberia,Doewein Town,,Grand Bassa,6.18932311,-10.26717827,"Doewein Town, Grand Bassa"
151,Liberia,Owensgrove,Clinic,Grand Bassa,6.27006,-10.32474,"Owensgrove, Grand Bassa"
152,Liberia,Full village,,Grand Bassa,6.050625941,-9.986765708,"Full village, Grand Bassa"
153,Liberia,SOS clinic,,Grand Bassa,6.132938221,-9.985108662,"SOS clinic, Grand Bassa"
154,Liberia,Fanti Town Clinic,Clinic,Grand Cape Mount,6.75855,-11.35556,"Fanti Town Clinic, Grand Cape Mount"
155,Liberia,St. Timothy's Hospital,Hospital,Grand Cape Mount,6.7504100000000005,-11.36737,"St. Timothy's Hospital, Grand Cape Mount"
156,Liberia,Tallah,Clinic,Grand Cape Mount,6.77089,-11.30343,"Tallah, Grand Cape Mount"
157,Liberia,Sembehum  Clinic,Clinic,Grand Cape Mount,6.707245174,-11.33382001,"Sembehum  Clinic, Grand Cape Mount"
158,Liberia,Bomie  Clinic,Public Clinic,Grand Cape Mount,6.6637187529999995,-11.16636183,"Bomie  Clinic, Grand Cape Mount"
159,Liberia,Robertsport City  Clinic,Gov. Hospital,Grand Cape Mount,6.750455477,-11.37019282,"Robertsport City  Clinic, Grand Cape Mount"
160,Liberia,Karnga Clinic,Clinic,Grand Cape Mount,6.88144,-11.06506,"Karnga Clinic, Grand Cape Mount"
161,Liberia,Kpeneji Clinic,Clinic,Grand Cape Mount,6.93003,-11.25206,"Kpeneji Clinic, Grand Cape Mount"
162,Liberia,Madina Clinic,Clinic,Grand Cape Mount,6.7171,-11.06532,"Madina Clinic, Grand Cape Mount"
163,Liberia,Zaway  Clinic,Public Clinic,Grand Cape Mount,6.896173516,-11.13664572,"Zaway  Clinic, Grand Cape Mount"
164,Liberia,Bendu,Clinic,Grand Cape Mount,6.76214,-11.211910000000001,"Bendu, Grand Cape Mount"
165,Liberia,Bomboja,Clinic,Grand Cape Mount,6.62219,-11.08581,"Bomboja, Grand Cape Mount"
167,Liberia,Jundu  Clinic,Public Clinic,Grand Cape Mount,6.706343509,-11.13490256,"Jundu  Clinic, Grand Cape Mount"
168,Liberia,Sinje  Clinic,Health Center,Grand Cape Mount,6.816628249,-11.13538684,"Sinje  Clinic, Grand Cape Mount"
169,Liberia,Vonzula  Clinic,Public Clinic,Grand Cape Mount,6.765042097,-11.14872403,"Vonzula  Clinic, Grand Cape Mount"
170,Liberia,Gold Camp  Clinic,Public Clinic,Grand Cape Mount,7.139939481,-10.78385147,"Gold Camp  Clinic, Grand Cape Mount"
171,Liberia,Lofa Bridge  Clinic,Public Clinic,Grand Cape Mount,7.070854032000001,-10.87771178,"Lofa Bridge  Clinic, Grand Cape Mount"
172,Liberia,Mbaloma,Clinic,Grand Cape Mount,6.9589,-10.99817,"Mbaloma, Grand Cape Mount"
173,Liberia,Than  Clinic,Public Clinic,Grand Cape Mount,6.982556801,-11.22298238,"Than  Clinic, Grand Cape Mount"
174,Liberia,Than Gola-Kanneh,Clinic,Grand Cape Mount,7.107289999999999,-10.89788,"Than Gola-Kanneh, Grand Cape Mount"
175,Liberia,Varguaye  Clinic,Public Clinic,Grand Cape Mount,7.160028155,-10.95773157,"Varguaye  Clinic, Grand Cape Mount"
176,Liberia,Vargue,Clinic,Grand Cape Mount,7.1599699999999995,-10.9588,"Vargue, Grand Cape Mount"
177,Liberia,Weajue  Clinic,Public Clinic,Grand Cape Mount,7.160188361,-10.91971447,"Weajue  Clinic, Grand Cape Mount"
178,Liberia,Wealiquah  Clinic,Public Clinic,Grand Cape Mount,7.220614391,-10.73074762,"Wealiquah  Clinic, Grand Cape Mount"
179,Liberia,Bendaja Community Clinic,Clinic,Grand Cape Mount,7.15797,-11.24366,"Bendaja Community Clinic, Grand Cape Mount"
180,Liberia,Damballa,Health Center,Grand Cape Mount,7.13732,-11.281830000000001,"Damballa, Grand Cape Mount"
181,Liberia,Kawelahun Clinic,Clinic,Grand Cape Mount,7.403789999999999,-11.02775,"Kawelahun Clinic, Grand Cape Mount"
182,Liberia,Kongo Mano  Clinic,Public Clinic,Grand Cape Mount,7.33067,-11.13773,"Kongo Mano  Clinic, Grand Cape Mount"
183,Liberia,Bamballa  Clinic,Public Clinic,Grand Cape Mount,7.22215,-11.17265,"Bamballa  Clinic, Grand Cape Mount"
184,Liberia,Dasalamu  Clinic,Public Clinic,Grand Cape Mount,7.232787632000001,-11.25496138,"Dasalamu  Clinic, Grand Cape Mount"
185,Liberia,Vanja  Clinic,Public Clinic,Grand Cape Mount,7.250316007,-10.98527962,"Vanja  Clinic, Grand Cape Mount"
186,Liberia,Bangorma Community Clinic,Clinic,Grand Cape Mount,7.0818,-11.2109,"Bangorma Community Clinic, Grand Cape Mount"
187,Liberia,Monica Cristina Coneglian,,Grand Cape Mount,7.011769999999999,-11.37392,"Monica Cristina Coneglian, Grand Cape Mount"
188,Liberia,Monica Valeria Rama Cardoso,Clinic,Grand Cape Mount,7.011769999999999,-11.37392,"Monica Valeria Rama Cardoso, Grand Cape Mount"
189,Liberia,Bo Waterside  Clinic,Public Clinic,Grand Cape Mount,7.010746949,-11.37329397,"Bo Waterside  Clinic, Grand Cape Mount"
190,Liberia,Celso Bertolini,Animal clinic,Grand Cape Mount,7.0118,-11.3739,"Celso Bertolini, Grand Cape Mount"
191,Liberia,Magali Manhane,Clinic,Grand Cape Mount,7.0118,-11.3739,"Magali Manhane, Grand Cape Mount"
192,Liberia,Miriam Midori Arita,TBC,Grand Cape Mount,7.0118,-11.3739,"Miriam Midori Arita, Grand Cape Mount"
193,Liberia,Diah Community Clinic,Clinic,Grand Cape Mount,6.87795,-11.34901,"Diah Community Clinic, Grand Cape Mount"
194,Liberia,Fahn Jah,Clinic,Grand Cape Mount,7.0162,-11.2623,"Fahn Jah, Grand Cape Mount"
195,Liberia,Gonelor Community Clinic,Clinic,Grand Cape Mount,7.03927,-11.2579,"Gonelor Community Clinic, Grand Cape Mount"
196,Liberia,Kulango  Clinic,Clinic,Grand Cape Mount,6.922100456,-11.3873195,"Kulango  Clinic, Grand Cape Mount"
197,Liberia,Tahn-Mafa,Clinic,Grand Cape Mount,6.980580000000001,-11.225439999999999,"Tahn-Mafa, Grand Cape Mount"
198,Liberia,Alessandra Montemor,,Grand Cape Mount,6.967510000000001,-11.31279,"Alessandra Montemor, Grand Cape Mount"
199,Liberia,Anaximandro Ricardo Mouro,,Grand Cape Mount,6.967510000000001,-11.31279,"Anaximandro Ricardo Mouro, Grand Cape Mount"
200,Liberia,Antonio Bento Toledo De Moraes Jr,,Grand Cape Mount,6.967510000000001,-11.31279,"Antonio Bento Toledo De Moraes Jr, Grand Cape Mount"
201,Liberia,Antonio Fern Dant Amaral Campos,,Grand Cape Mount,6.967510000000001,-11.31279,"Antonio Fern Dant Amaral Campos, Grand Cape Mount"
202,Liberia,Diogenes De Jesus Puentes Betancourt,TBC,Grand Cape Mount,6.967510000000001,-11.31279,"Diogenes De Jesus Puentes Betancourt, Grand Cape Mount"
203,Liberia,Eduardo Saliba,Clinic,Grand Cape Mount,6.967510000000001,-11.31279,"Eduardo Saliba, Grand Cape Mount"
204,Liberia,Flavio Mistretta Raghi De Almeida,TBC,Grand Cape Mount,6.967510000000001,-11.31279,"Flavio Mistretta Raghi De Almeida, Grand Cape Mount"
205,Liberia,Joao Carlos Dantas Amaral Campos,TBC,Grand Cape Mount,6.967510000000001,-11.31279,"Joao Carlos Dantas Amaral Campos, Grand Cape Mount"
206,Liberia,Jose Moacir Angeli,TBC,Grand Cape Mount,6.967510000000001,-11.31279,"Jose Moacir Angeli, Grand Cape Mount"
207,Liberia,Jose Rubens MacRuz Perreira Da Silva,TBC,Grand Cape Mount,6.967510000000001,-11.31279,"Jose Rubens MacRuz Perreira Da Silva, Grand Cape Mount"
208,Liberia,Luis Poggi Filho,TBC,Grand Cape Mount,6.967510000000001,-11.31279,"Luis Poggi Filho, Grand Cape Mount"
209,Liberia,Paula Vidotto,Clinic,Grand Cape Mount,6.967510000000001,-11.31279,"Paula Vidotto, Grand Cape Mount"
210,Liberia,Ricardo Paludeto Bellaz,,Grand Cape Mount,6.967510000000001,-11.31279,"Ricardo Paludeto Bellaz, Grand Cape Mount"
211,Liberia,Roberto De Toledo Pasquali,,Grand Cape Mount,6.967510000000001,-11.31279,"Roberto De Toledo Pasquali, Grand Cape Mount"
212,Liberia,Vania Egle Montebello,TBC,Grand Cape Mount,6.967510000000001,-11.31279,"Vania Egle Montebello, Grand Cape Mount"
213,Liberia,Zaway,Clinic,Grand Cape Mount,6.8949,-11.38885,"Zaway, Grand Cape Mount"
214,Liberia,Gondama Clinic,Clinic,Grand Cape Mount,7.0587,-11.35587,"Gondama Clinic, Grand Cape Mount"
215,Liberia,Jene-Wonde,Clinic,Grand Cape Mount,7.07625,-11.269160000000001,"Jene-Wonde, Grand Cape Mount"
216,Liberia,Mambo  Clinic,Public Clinic,Grand Cape Mount,6.997571323,-11.29633295,"Mambo  Clinic, Grand Cape Mount"
217,Liberia,Tiene  Clinic,Public Clinic,Grand Cape Mount,6.967668753,-11.31156528,"Tiene  Clinic, Grand Cape Mount"
218,Liberia,Toe Town Clinic,Clinic,Grand Gedeh,6.405039599999999,-8.556906281,"Toe Town Clinic, Grand Gedeh"
219,Liberia,Bargblor Town Clinic,Clinic,Grand Gedeh,6.17891,-8.30204,"Bargblor Town Clinic, Grand Gedeh"
220,Liberia,Beh Town,Clinic,Grand Gedeh,6.178194365,-8.031979413,"Beh Town, Grand Gedeh"
221,Liberia,Janzon Clinic,Clinic,Grand Gedeh,6.2234487089999995,-8.048166037,"Janzon Clinic, Grand Gedeh"
222,Liberia,Zai,Clinic,Grand Gedeh,6.19343,-8.29393,"Zai, Grand Gedeh"
223,Liberia,Zleh Town,Health Center,Grand Gedeh,6.22689,-8.44005,"Zleh Town, Grand Gedeh"
224,Liberia,Borleken Clinic,,Grand Gedeh,5.477048223,-8.715719568999999,"Borleken Clinic, Grand Gedeh"
225,Liberia,Gbarzon Polar,Clinic,Grand Gedeh,6.16245,-8.56683,"Gbarzon Polar, Grand Gedeh"
226,Liberia,Tuzon Clinic,,Grand Gedeh,6.169500692000001,-8.249804855,"Tuzon Clinic, Grand Gedeh"
227,Liberia,Gbarzon Jarwodee Clinic,Clinic,Grand Gedeh,6.11346,-8.599789999999999,"Gbarzon Jarwodee Clinic, Grand Gedeh"
228,Liberia,Polar Town Clinic,Clinic,Grand Gedeh,6.161709414,-8.56434275,"Polar Town Clinic, Grand Gedeh"
229,Liberia,Gbar Zon (ZleH) Health Center,,Grand Gedeh,6.26467473,-8.488411879,"Gbar Zon (ZleH) Health Center, Grand Gedeh"
230,Liberia,Ziah Town,Health Center,Grand Gedeh,5.76421,-7.85496,"Ziah Town, Grand Gedeh"
231,Liberia,Putu Pennoken,Clinic,Grand Gedeh,5.60069,-8.15372,"Putu Pennoken, Grand Gedeh"
232,Liberia,Boundary Clinic,,Grand Gedeh,5.879643572000001,-7.995474702,"Boundary Clinic, Grand Gedeh"
233,Liberia,,,Grand Gedeh,5.8161533,-8.0995537,
234,Liberia,Putu Jarwodee Clinic,,Grand Gedeh,5.61499,-8.32108,"Putu Jarwodee Clinic, Grand Gedeh"
235,Liberia,Karlowkeh Clinic,,Grand Gedeh,5.753266077,-8.151028204,"Karlowkeh Clinic, Grand Gedeh"
236,Liberia,Pennoken Clinic,Clinic,Grand Gedeh,5.590408605,-8.124181067,"Pennoken Clinic, Grand Gedeh"
237,Liberia,Gboloken,Clinic,Grand Gedeh,6.10795,-8.19154,"Gboloken, Grand Gedeh"
238,Liberia,MTM (Martha Tubman Memorial Hospital),Hospital,Grand Gedeh,6.07795,-8.12434,"MTM (Martha Tubman Memorial Hospital), Grand Gedeh"
239,Liberia,Putu Karlorwleh,Clinic,Grand Gedeh,6.06229,-8.138860000000001,"Putu Karlorwleh, Grand Gedeh"
240,Liberia,Gorbowrogba,Clinic,Grand Gedeh,6.06245,-8.13917,"Gorbowrogba, Grand Gedeh"
241,Liberia,Toffoi Town,Clinic,Grand Gedeh,5.9699599999999995,-8.0867,"Toffoi Town, Grand Gedeh"
242,Liberia,Christ the king Clinic (Private),,Grand Gedeh,6.066202197999999,-8.12976841,"Christ the king Clinic (Private), Grand Gedeh"
243,Liberia,Galapo Health Service (Private),,Grand Gedeh,6.066202197999999,-8.12976841,"Galapo Health Service (Private), Grand Gedeh"
244,Liberia,Gorbowraba Clinic,,Grand Gedeh,5.784270332,-8.338840494,"Gorbowraba Clinic, Grand Gedeh"
245,Liberia,Kumah Town Clinic,Clinic,Grand Gedeh,5.9388337170000005,-8.245605935,"Kumah Town Clinic, Grand Gedeh"
246,Liberia,Martha Tubman Memorial Hospital,,Grand Gedeh,6.066202197999999,-8.12976841,"Martha Tubman Memorial Hospital, Grand Gedeh"
247,Liberia,PTP Refugee Clinic,,Grand Gedeh,6.030810118,-8.060253054,"PTP Refugee Clinic, Grand Gedeh"
248,Liberia,Picnicess,Clinic,Grand Kru,4.6275,-8.3125,"Picnicess, Grand Kru"
249,Liberia,Barclayville Central High School,ETC,Grand Kru,4.67252,-8.233039999999999,"Barclayville Central High School, Grand Kru"
250,Liberia,Barclayville Health Center,Health Center,Grand Kru,4.67252,-8.233039999999999,"Barclayville Health Center, Grand Kru"
251,Liberia,Filoken Clinic,Clinic,Grand Kru,4.71047,-8.158539999999999,"Filoken Clinic, Grand Kru"
252,Liberia,Gballah Clinic,,Grand Kru,4.7039,-8.1573,"Gballah Clinic, Grand Kru"
253,Liberia,Grand Cess City Clinic,Clinic,Grand Kru,4.569279662,-8.222912635,"Grand Cess City Clinic, Grand Kru"
254,Liberia,Gbanken,Clinic,Grand Kru,4.6820699999999995,-8.11234,"Gbanken, Grand Kru"
255,Liberia,Gee Tubaken Clinic,,Grand Kru,4.950943058,-8.163858917999999,"Gee Tubaken Clinic, Grand Kru"
256,Liberia,Grand Cess Clinic,Clinic,Grand Kru,4.610844192,-8.181399308,"Grand Cess Clinic, Grand Kru"
258,Liberia,Bleebo Clinic,,Grand Kru,4.7010000000000005,-7.952253327999999,"Bleebo Clinic, Grand Kru"
259,Liberia,Gblebo Health,Clinic,Grand Kru,4.7325800000000005,-7.955660000000001,"Gblebo Health, Grand Kru"
260,Liberia,Buah HC,Health Center,Grand Kru,4.9543,-8.161489999999999,"Buah HC, Grand Kru"
261,Liberia,Dweken Clinic,,Grand Kru,5.054203117,-8.280095747,"Dweken Clinic, Grand Kru"
262,Liberia,Nyankupo,Clinic,Grand Kru,4.88531,-8.38198,"Nyankupo, Grand Kru"
263,Liberia,Sass Town Health Center,Health Center,Grand Kru,4.67399,-8.4261,"Sass Town Health Center, Grand Kru"
264,Liberia,Genoyah,Clinic,Grand Kru,4.58895,-7.9242,"Genoyah, Grand Kru"
265,Liberia,Willsonville,Clinic,Grand Kru,4.50082,-7.8635,"Willsonville, Grand Kru"
266,Liberia,Rally Time Hospital,Hospital,Grand Kru,4.575069999999999,-8.22184,"Rally Time Hospital, Grand Kru"
267,Liberia,Behwan City Clinic,Health Center,Grand Kru,4.6379134639999995,-7.869817893,"Behwan City Clinic, Grand Kru"
268,Liberia,Juduken,Clinic,Grand Kru,4.5996440000000005,-8.048344,"Juduken, Grand Kru"
269,Liberia,Newaken Clinic,Clinic,Grand Kru,4.694639133,-7.936078693,"Newaken Clinic, Grand Kru"
270,Liberia,Niful,Clinic,Grand Kru,4.74719,-8.54097,"Niful, Grand Kru"
271,Liberia,Borma Hospital,,Lofa,8.2680793,-10.3047612,"Borma Hospital, Lofa"
272,Liberia,Foya Case Management Centre,ETC,Lofa,8.378911,-10.205757,"Foya Case Management Centre, Lofa"
273,Liberia,Foya Borma Hospital,,Lofa,8.354897528,-10.20077678,"Foya Borma Hospital, Lofa"
274,Liberia,Foya Community Clinic,Clinic,Lofa,8.36317,-10.21287,"Foya Community Clinic, Lofa"
275,Liberia,Foya Kamara Health Center,Hospital,Lofa,8.35486,-10.20047,"Foya Kamara Health Center, Lofa"
276,Liberia,Foya Tengia Clinic,Clinic,Lofa,8.27731,-10.274980000000001,"Foya Tengia Clinic, Lofa"
277,Liberia,Lengbamgba Clinic,Clinic,Lofa,8.216927267,-10.26646849,"Lengbamgba Clinic, Lofa"
278,Liberia,Porluma Health Post,Clinic,Lofa,8.43632,-10.107460000000001,"Porluma Health Post, Lofa"
279,Liberia,Shello Clinic,Clinic,Lofa,8.38375,-10.20536,"Shello Clinic, Lofa"
280,Liberia,Solomba Clinic,Clinic,Lofa,8.50664847,-10.15839509,"Solomba Clinic, Lofa"
281,Liberia,Worsonga Clinic,,Lofa,8.361589289,-10.27601197,"Worsonga Clinic, Lofa"
282,Liberia,Yegbedu Clinic,,Lofa,8.235154349,-10.22113792,"Yegbedu Clinic, Lofa"
283,Liberia,Isaac Kpema,Clinic,Lofa,8.360560000000001,-10.20963,"Isaac Kpema, Lofa"
285,Liberia,Sorlumba,Clinic,Lofa,8.29593,-10.16076,"Sorlumba, Lofa"
286,Liberia,Warsonga,Clinic,Lofa,8.361239999999999,-10.283489999999999,"Warsonga, Lofa"
287,Liberia,Yekpedu,Clinic,Lofa,8.23392,-10.22478,"Yekpedu, Lofa"
288,Liberia,Balahun Clinic,,Lofa,8.332446272,-10.06648366,"Balahun Clinic, Lofa"
289,Liberia,Bolahun Health Center,Health Center,Lofa,8.2284,-10.16216,"Bolahun Health Center, Lofa"
290,Liberia,Fagonda Clinic,,Lofa,8.221351047999999,-10.17353848,"Fagonda Clinic, Lofa"
291,Liberia,Fangonda Public,Clinic,Lofa,8.22146,-10.17351,"Fangonda Public, Lofa"
292,Liberia,Fassawolu Health Clinic,Clinic,Lofa,8.38976,-10.066419999999999,"Fassawolu Health Clinic, Lofa"
293,Liberia,Gondolahun,Clinic,Lofa,7.965389999999999,-10.055589999999999,"Gondolahun, Lofa"
294,Liberia,Kamatahun Clinic,Clinic,Lofa,8.136510000000001,-10.29624,"Kamatahun Clinic, Lofa"
295,Liberia,Kolahun Hospital,Hospital,Lofa,8.294821622999999,-10.08399637,"Kolahun Hospital, Lofa"
296,Liberia,Korworhun Clinic,Clinic,Lofa,8.3167,-10.1513,"Korworhun Clinic, Lofa"
297,Liberia,Lukasu Public,Health Center,Lofa,8.04735,-10.24189,"Lukasu Public, Lofa"
298,Liberia,Mbolahun Hospital,,Lofa,8.228402294,-10.162048599999999,"Mbolahun Hospital, Lofa"
299,Liberia,Nyademoilahun Clinic,Clinic,Lofa,8.442188015,-9.960228345,"Nyademoilahun Clinic, Lofa"
300,Liberia,Popalahun Health Clinic,Clinic,Lofa,8.1758,-10.23397,"Popalahun Health Clinic, Lofa"
301,Liberia,Emergency Surgical Hospital,Hospital,Lofa,8.4228,-9.7532,"Emergency Surgical Hospital, Lofa"
302,Liberia,Faith,Clinic,Lofa,8.3331,-10.06643,"Faith, Lofa"
303,Liberia,Kaintahun,Clinic,Lofa,8.1622,-10.21599,"Kaintahun, Lofa"
304,Liberia,Barkedu Clinic,Clinic,Lofa,8.299829797000001,-9.631133559,"Barkedu Clinic, Lofa"
305,Liberia,Sakonedu  Clinic,,Lofa,8.462576391,-9.667733815,"Sakonedu  Clinic, Lofa"
306,Liberia,Ganglota Clinic,Clinic,Lofa,7.4228,-9.4934,"Ganglota Clinic, Lofa"
307,Liberia,Gbanway Clinic,Clinic,Lofa,7.68782425,-9.426360045,"Gbanway Clinic, Lofa"
308,Liberia,Gbonyea Community,Clinic,Lofa,7.50718,-9.5494,"Gbonyea Community, Lofa"
309,Liberia,Gonglota Clinic,Clinic,Lofa,7.4205,-9.4916,"Gonglota Clinic, Lofa"
310,Liberia,Gorlu Clinic,Clinic,Lofa,7.519885789,-9.479036957,"Gorlu Clinic, Lofa"
311,Liberia,Kpaiyea Clinic,Clinic,Lofa,7.71587,-9.385869999999999,"Kpaiyea Clinic, Lofa"
312,Liberia,Salayea Clinic,Clinic,Lofa,7.619280817999999,-9.491748347,"Salayea Clinic, Lofa"
313,Liberia,Sucromu Clinic,Clinic,Lofa,7.722006182,-9.436097197999999,"Sucromu Clinic, Lofa"
314,Liberia,Biggs Clinic,,Lofa,7.506682026,-9.553796835,"Biggs Clinic, Lofa"
315,Liberia,Telemai Clinic,,Lofa,7.681383801,-9.444306919,"Telemai Clinic, Lofa"
316,Liberia,Tinsui Clinic,,Lofa,7.588099092,-9.546648264,"Tinsui Clinic, Lofa"
317,Liberia,Yarpauh Clinic,,Lofa,7.364441212000001,-9.753126907999999,"Yarpauh Clinic, Lofa"
318,Liberia,Yarpua,Clinic,Lofa,7.655060000000001,-9.42256,"Yarpua, Lofa"
319,Liberia,Yarpuah Clinic,,Lofa,7.655083319,-9.422700733,"Yarpuah Clinic, Lofa"
320,Liberia,Memolahun Clinic,,Lofa,8.071601333,-10.45655713,"Memolahun Clinic, Lofa"
321,Liberia,Vahun Clinic,Health Center,Lofa,8.0624,-10.49961,"Vahun Clinic, Lofa"
322,Liberia,Balakpalasu Clinic,Clinic,Lofa,8.168510000000001,-9.69254,"Balakpalasu Clinic, Lofa"
323,Liberia,Bassagizia Clinic,Clinic,Lofa,8.358260000000001,-9.83682,"Bassagizia Clinic, Lofa"
324,Liberia,Bondi Clinic,,Lofa,8.269576575,-9.760001693,"Bondi Clinic, Lofa"
325,Liberia,Duogomai Clinic,Clinic,Lofa,8.195995732,-9.72692596,"Duogomai Clinic, Lofa"
326,Liberia,Kpotomai,Clinic,Lofa,8.22052,-9.94247,"Kpotomai, Lofa"
327,Liberia,Kpademai Clinic,Clinic,Lofa,8.212110000000001,-9.90852,"Kpademai Clinic, Lofa"
328,Liberia,Lawalazu Clinic,Clinic,Lofa,8.449180522999999,-9.841686294,"Lawalazu Clinic, Lofa"
329,Liberia,Sarkonedu Clinic,Clinic,Lofa,8.4617,-9.67331,"Sarkonedu Clinic, Lofa"
330,Liberia,Tubugissizu Clinic,,Lofa,8.462059317000001,-9.922089137999999,"Tubugissizu Clinic, Lofa"
331,Liberia,Vezala Clinic,,Lofa,8.371680057,-9.894629952,"Vezala Clinic, Lofa"
332,Liberia,Pentecostal Clinic,Clinic,Lofa,8.418341878,-9.755738598999999,"Pentecostal Clinic, Lofa"
333,Liberia,Tellewoyan OPD,Clinic,Lofa,8.42427,-9.74973,"Tellewoyan OPD, Lofa"
334,Liberia,Telewowan Hospital,Hospital,Lofa,8.42277,-9.7532264,"Telewowan Hospital, Lofa"
335,Liberia,Zinalormai,Clinic,Lofa,8.32976,-9.83677,"Zinalormai, Lofa"
336,Liberia,Bondi Selma,Clinic,Lofa,8.26965,-9.76003,"Bondi Selma, Lofa"
337,Liberia,Dougomai,Clinic,Lofa,8.196019999999999,-9.7269,"Dougomai, Lofa"
338,Liberia,Kpakamai,Clinic,Lofa,8.29686,-9.876669999999999,"Kpakamai, Lofa"
339,Liberia,Vezala,Clinic,Lofa,8.37042,-9.9025,"Vezala, Lofa"
340,Liberia,Voinjama Free Pentacostal Mission,Clinic,Lofa,8.41848,-9.75601,"Voinjama Free Pentacostal Mission, Lofa"
341,Liberia,Balagwalazu Clinic,Clinic,Lofa,7.799180000000001,-9.7141,"Balagwalazu Clinic, Lofa"
342,Liberia,Barziwen Clinic,Clinic,Lofa,8.153284798,-9.647794698,"Barziwen Clinic, Lofa"
343,Liberia,Borkeza,Clinic,Lofa,7.9073899999999995,-9.45876,"Borkeza, Lofa"
344,Liberia,Bokeza Clinic,,Lofa,7.907294806,-9.458579851,"Bokeza Clinic, Lofa"
345,Liberia,Fissebu Clinic,Clinic,Lofa,7.8238233479999995,-9.467857829,"Fissebu Clinic, Lofa"
346,Liberia,Konia Health Center,Health Center,Lofa,7.962486046,-9.543603523,"Konia Health Center, Lofa"
347,Liberia,Kpassagizia Clinic,,Lofa,8.019712743,-9.412905108,"Kpassagizia Clinic, Lofa"
348,Liberia,Luyeama Clinic,Clinic,Lofa,8.069150614,-9.635026981000001,"Luyeama Clinic, Lofa"
349,Liberia,Zolowo,Clinic,Lofa,7.652880000000001,-9.58821,"Zolowo, Lofa"
350,Liberia,Curran Lutheran Hospital,Hospital,Lofa,7.7751,-9.43259,"Curran Lutheran Hospital, Lofa"
351,Liberia,Fissebu,Clinic,Lofa,7.823639999999999,-9.46822,"Fissebu, Lofa"
352,Liberia,Yeala,Clinic,Lofa,7.82252,-9.4016,"Yeala, Lofa"
353,Liberia,Farmington - Division 28,Clinic,Margibi,6.4364,-10.3065,"Farmington - Division 28, Margibi"
354,Liberia,Duside Hospital (Firestone Medical Center),,Margibi,6.321805447000001,-10.44556315,"Duside Hospital (Firestone Medical Center), Margibi"
355,Liberia,"Duside Hospital,",,Margibi,6.35,-10.46667,"Duside Hospital,, Margibi"
356,Liberia,Peter's Town,Clinic,Margibi,6.60106,-10.08654,"Peter's Town, Margibi"
357,Liberia,Wohm,Clinic,Margibi,6.597160000000001,-10.018469999999999,"Wohm, Margibi"
358,Liberia,Tucker's Town,Clinic,Margibi,6.63139,-10.2466,"Tucker's Town, Margibi"
359,Liberia,C.H. Rennie Hospital,Hospital,Margibi,6.520118926,-10.35027521,"C.H. Rennie Hospital, Margibi"
360,Liberia,City Clinic,Clinic,Margibi,6.53067,-10.3522,"City Clinic, Margibi"
361,Liberia,Dr Barcolleh,Health Center,Margibi,6.53035,-10.8559,"Dr Barcolleh, Margibi"
362,Liberia,Fam Plan Assoc Lib,Clinic,Margibi,6.5285,-10.35099,"Fam Plan Assoc Lib, Margibi"
363,Liberia,Gbaye Town,Clinic,Margibi,6.635839999999999,-10.290339999999999,"Gbaye Town, Margibi"
364,Liberia,Kakata Health Center,Health Center,Margibi,6.54767,-10.033485,"Kakata Health Center, Margibi"
365,Liberia,Modern Medical Center,,Margibi,6.5367,-10.35414,"Modern Medical Center, Margibi"
366,Liberia,Lakayta Town,Clinic,Margibi,6.671869999999999,-10.35323,"Lakayta Town, Margibi"
367,Liberia,Kendei,Clinic,Margibi,6.6872300000000005,-10.21073,"Kendei, Margibi"
368,Liberia,M/S Community,Clinic,Margibi,6.63133,-10.63138,"M/S Community, Margibi"
369,Liberia,Samuel Cooper,Clinic,Margibi,6.57688,-10.312339999999999,"Samuel Cooper, Margibi"
370,Liberia,SRC Factory,Health Center,Margibi,6.65451,-10.12845,"SRC Factory, Margibi"
371,Liberia,Velleta,Clinic,Margibi,6.66425,-10.33431,"Velleta, Margibi"
372,Liberia,Weala Community,Clinic,Margibi,6.69155,-10.20551,"Weala Community, Margibi"
373,Liberia,Wolola,Clinic,Margibi,6.5229,-10.279639999999999,"Wolola, Margibi"
374,Liberia,Yarnwullie,Clinic,Margibi,6.5639,-10.196439999999999,"Yarnwullie, Margibi"
375,Liberia,Yeamai,Clinic,Margibi,6.747330000000001,-10.23526,"Yeamai, Margibi"
376,Liberia,,,Margibi,6.5267,-10.3412,
377,Liberia,Kenedeja Clinic,Clinic,Margibi,6.23435,-10.67816,"Kenedeja Clinic, Margibi"
378,Liberia,Faith Clinic,Clinic,Margibi,6.24199,-10.474169999999999,"Faith Clinic, Margibi"
379,Liberia,Shirley Germychev Clinic,Clinic,Margibi,6.24003,-10.6898,"Shirley Germychev Clinic, Margibi"
380,Liberia,Charlesville Clinic,Clinic,Margibi,6.19674,-10.38061,"Charlesville Clinic, Margibi"
381,Liberia,Dolo's Town,Clinic,Margibi,6.25173,-10.356539999999999,"Dolo's Town, Margibi"
382,Liberia,Harbel,Health Center,Margibi,6.23112,-10.32405,"Harbel, Margibi"
383,Liberia,Marshall,Health Center,Margibi,6.21314,-10.42314,"Marshall, Margibi"
384,Liberia,Schifflin,Clinic,Margibi,6.22618,-10.534180000000001,"Schifflin, Margibi"
385,Liberia,Unification Town,Health Center,Margibi,6.24605,-10.35304,"Unification Town, Margibi"
386,Liberia,Zeeworth,Clinic,Margibi,6.3534,-10.5551,"Zeeworth, Margibi"
387,Liberia,Division 28,Clinic,Margibi,6.4215599999999995,-10.31899,"Division 28, Margibi"
388,Liberia,Du-Side,Hospital,Margibi,6.35332,-10.469380000000001,"Du-Side, Margibi"
389,Liberia,Edward Banyan Kesselly Military Barracks,Clinic,Margibi,6.21091,-10.5689,"Edward Banyan Kesselly Military Barracks, Margibi"
390,Liberia,Liberian Health Care Center,Health Center,Margibi,6.21924,-10.592,"Liberian Health Care Center, Margibi"
391,Liberia,Pioneer,Clinic,Margibi,6.26242,-10.359160000000001,"Pioneer, Margibi"
392,Liberia,Sarco Clinic,Clinic,Margibi,6.24332,-10.34709,"Sarco Clinic, Margibi"
393,Liberia,Glofaken Clinic,Clinic,Maryland,4.949644493,-7.895098251,"Glofaken Clinic, Maryland"
394,Liberia,Cavalla New Town Clinic,Clinic,Maryland,4.36374,-7.58868,"Cavalla New Town Clinic, Maryland"
395,Liberia,Fish Town Clinic,Clinic,Maryland,4.42428022,-7.818062556,"Fish Town Clinic, Maryland"
396,Liberia,J.J. Dossen Memorial Hospital,Hospital,Maryland,4.377611621000001,-7.710367249,"J.J. Dossen Memorial Hospital, Maryland"
397,Liberia,Rock Town Clinic,Clinic,Maryland,4.39952584,-7.779714164,"Rock Town Clinic, Maryland"
398,Liberia,Sacred Heart,Clinic,Maryland,4.37978,-7.7084,"Sacred Heart, Maryland"
399,Liberia,Pullah Community Clinic,Clinic,Maryland,4.390177886,-7.606724294,"Pullah Community Clinic, Maryland"
400,Liberia,Yookudi,Clinic,Maryland,4.4452,-7.60098,"Yookudi, Maryland"
401,Liberia,Bassa Community Clinic,,Maryland,4.377619224,-7.714782431000001,"Bassa Community Clinic, Maryland"
402,Liberia,Doukudi Clinic,,Maryland,4.437993226000001,-7.545361512,"Doukudi Clinic, Maryland"
403,Liberia,LWRC Clinic,,Maryland,4.449485903999999,-7.74564045,"LWRC Clinic, Maryland"
404,Liberia,Thomson Street Community Clinic,,Maryland,4.374998022,-7.715778065,"Thomson Street Community Clinic, Maryland"
405,Liberia,Pougbaken Clinic,Clinic,Maryland,4.7556,-7.7589999999999995,"Pougbaken Clinic, Maryland"
406,Liberia,Boniken Clinic,Clinic,Maryland,4.641476015,-7.681508322000001,"Boniken Clinic, Maryland"
407,Liberia,Manolu 1 Clinic,Clinic,Maryland,4.719508768,-7.719224463,"Manolu 1 Clinic, Maryland"
408,Liberia,Manolu 2 Clinic,Clinic,Maryland,4.71779282,-7.720579837000001,"Manolu 2 Clinic, Maryland"
409,Liberia,Gbalay Clinic,,Maryland,4.68512144,-7.661144823,"Gbalay Clinic, Maryland"
410,Liberia,Wlowen Clinic,,Maryland,4.631108305,-7.801862109,"Wlowen Clinic, Maryland"
411,Liberia,Yediaken,Clinic,Maryland,4.67669,-7.66456,"Yediaken, Maryland"
412,Liberia,Yediaken Clinic,,Maryland,4.6762639539999995,-7.664226461,"Yediaken Clinic, Maryland"
413,Liberia,Feloken Clinic,Clinic,Maryland,5.06728,-7.866169999999999,"Feloken Clinic, Maryland"
414,Liberia,Gbawiliken,Clinic,Maryland,4.99046,-7.849419999999999,"Gbawiliken, Maryland"
415,Liberia,Barriken Clinic,Clinic,Maryland,4.492933518,-7.662764566,"Barriken Clinic, Maryland"
416,Liberia,Gboloke,Clinic,Maryland,4.53304,-7.642289999999999,"Gboloke, Maryland"
417,Liberia,Karloken,Health Center,Maryland,4.799023,-7.736891,"Karloken, Maryland"
418,Liberia,Rock Town Kunokudi,Clinic,Maryland,4.6451,-7.61716,"Rock Town Kunokudi, Maryland"
419,Liberia,Old Sodoken,Clinic,Maryland,4.520348,-7.705999,"Old Sodoken, Maryland"
420,Liberia,C.R.P. Medical Center,Health Center,Maryland,4.5335,-7.6451,"C.R.P. Medical Center, Maryland"
421,Liberia,Cavalla Medical Center,Clinic,Maryland,4.573607189,-7.661985342,"Cavalla Medical Center, Maryland"
422,Liberia,CRC Clinic,,Maryland,4.576580473,-7.655941213999999,"CRC Clinic, Maryland"
423,Liberia,CRC Hospital,,Maryland,4.576565189,-7.647829705,"CRC Hospital, Maryland"
424,Liberia,Plebo Health Center,Health Center,Maryland,4.58534,-7.6719,"Plebo Health Center, Maryland"
425,Liberia,St. Francis,Clinic,Maryland,4.553030000000001,-7.67081,"St. Francis, Maryland"
426,Liberia,Division 3 New Camp Clinic,,Maryland,4.569361937,-7.664967432,"Division 3 New Camp Clinic, Maryland"
427,Liberia,Division 5 CRC Camp 8 Clinic,,Maryland,4.565616972,-7.598281061000001,"Division 5 CRC Camp 8 Clinic, Maryland"
428,Liberia,Factory Camp Clinic,,Maryland,4.570321171000001,-7.694708042,"Factory Camp Clinic, Maryland"
429,Liberia,Gbloken Clinic,,Maryland,4.533323746000001,-7.642503122000001,"Gbloken Clinic, Maryland"
430,Liberia,Gedetarbo Clinic,,Maryland,4.572027728,-7.639726757,"Gedetarbo Clinic, Maryland"
431,Liberia,Sodoken,Clinic,Maryland,4.5240800000000005,-7.7041,"Sodoken, Maryland"
432,Liberia,Juduken,Clinic,Maryland,5.04713,-7.93867,"Juduken, Maryland"
433,Liberia,Bensonville Hospital,Hospital,Montserrado,6.442512813,-10.60410747,"Bensonville Hospital, Montserrado"
434,Liberia,Kingsville Clinic,Clinic,Montserrado,6.4240699999999995,-10.4766,"Kingsville Clinic, Montserrado"
435,Liberia,Crozierville Clinic,Clinic,Montserrado,6.4539800000000005,-10.635810000000001,"Crozierville Clinic, Montserrado"
436,Liberia,Harrisburg Clinic,Clinic,Montserrado,6.4896199999999995,-10.45298,"Harrisburg Clinic, Montserrado"
437,Liberia,Careysburg,Clinic,Montserrado,6.4023,-10.54757,"Careysburg, Montserrado"
438,Liberia,Bardnersville Health Center,Health Center,Montserrado,6.37206,-10.72542,"Bardnersville Health Center, Montserrado"
439,Liberia,Bardnersville Medical  & Lab Community Clinic,Clinic,Montserrado,6.35815,-10.7371,"Bardnersville Medical  & Lab Community Clinic, Montserrado"
440,Liberia,E.J. Goodridge H C,Health Center,Montserrado,6.3667,-10.7333,"E.J. Goodridge H C, Montserrado"
441,Liberia,Bardnersville Health Center,Health Center,Montserrado,6.259651,-10.708028,"Bardnersville Health Center, Montserrado"
442,Liberia,Forkay's Maternity Clinic,Clinic,Montserrado,6.36455,-10.735389999999999,"Forkay's Maternity Clinic, Montserrado"
443,Liberia,Central Prison,Clinic,Montserrado,6.30849,-10.80692,"Central Prison, Montserrado"
444,Liberia,Bromely Community Clinic,Clinic,Montserrado,6.413474,-10.744069999999999,"Bromely Community Clinic, Montserrado"
445,Liberia,Grey Stone Comm,Clinic,Montserrado,6.31762,-10.81035,"Grey Stone Comm, Montserrado"
446,Liberia,Island Clinic (Oniyama Specialist Hospital),Hospital,Montserrado,6.3279815,-10.79777,"Island Clinic (Oniyama Specialist Hospital), Montserrado"
447,Liberia,Jaimaca Road Clinic,Clinic,Montserrado,6.343369999999999,-10.782680000000001,"Jaimaca Road Clinic, Montserrado"
448,Liberia,Jallahlone Clinic,,Montserrado,6.925256127000001,-10.64278212,"Jallahlone Clinic, Montserrado"
449,Liberia,Clara Town,Health Center,Montserrado,6.3287,-10.79808,"Clara Town, Montserrado"
450,Liberia,Joanna Maternity,Clinic,Montserrado,6.30742,-10.80788,"Joanna Maternity, Montserrado"
451,Liberia,National TB & Leprosy Hospital,Hospital,Montserrado,6.26866,-10.7342,"National TB & Leprosy Hospital, Montserrado"
452,Liberia,St. Joseph Catholic Hospital,Hospital,Montserrado,6.272869999999999,-10.75462,"St. Joseph Catholic Hospital, Montserrado"
453,Liberia,Eye and Optical Clinic,Clinic,Montserrado,6.31661,-10.8045,"Eye and Optical Clinic, Montserrado"
454,Liberia,Chocolate City Clinic,Health Center,Montserrado,6.32923,-10.752369999999999,"Chocolate City Clinic, Montserrado"
455,Liberia,Tropical,Clinic,Montserrado,6.34871,-10.78726,"Tropical, Montserrado"
456,Liberia,Kingdom Care Hospital,Health Center,Montserrado,6.238802475,-10.68390071,"Kingdom Care Hospital, Montserrado"
457,Liberia,Fiamah   Community Clinic,Clinic,Montserrado,6.2834,-10.7515,"Fiamah   Community Clinic, Montserrado"
458,Liberia,Gardnersville Community Clinic,Clinic,Montserrado,6.31766,-10.727730000000001,"Gardnersville Community Clinic, Montserrado"
459,Liberia,Sis. Agnes Health Center,Clinic,Montserrado,6.33603,-10.74664,"Sis. Agnes Health Center, Montserrado"
460,Liberia,SiS. Barbara Ann Health Center,Health Center,Montserrado,6.32616,-10.735339999999999,"SiS. Barbara Ann Health Center, Montserrado"
461,Liberia,Father Lee Maternity Clinic,Clinic,Montserrado,6.3910599999999995,-10.75655,"Father Lee Maternity Clinic, Montserrado"
462,Liberia,Kelthy's  Clinic,Clinic,Montserrado,6.305112,-10.7146424,"Kelthy's  Clinic, Montserrado"
463,Liberia,Poly Clinic,Clinic,Montserrado,6.28875,-10.7748,"Poly Clinic, Montserrado"
464,Liberia,Fatima Clinic,Clinic,Montserrado,6.332000000000001,-10.7042,"Fatima Clinic, Montserrado"
465,Liberia,Bushrod Island Community  Clinic,Clinic,Montserrado,6.34455,-10.785739999999999,"Bushrod Island Community  Clinic, Montserrado"
466,Liberia,Central Matadi,Clinic,Montserrado,6.299980000000001,-10.76868,"Central Matadi, Montserrado"
467,Liberia,FPAL Clinic,Clinic,Montserrado,6.28849,-10.77714,"FPAL Clinic, Montserrado"
468,Liberia,Medical Diagnostic Laboratory Clinic,Clinic,Montserrado,6.2597055,-10.6859958,"Medical Diagnostic Laboratory Clinic, Montserrado"
469,Liberia,A.C.F.I. Medical Center,Clinic,Montserrado,6.2944949999999995,-10.789361999999999,"A.C.F.I. Medical Center, Montserrado"
470,Liberia,Bong Community Clinic,Clinic,Montserrado,6.291268,-10.775821,"Bong Community Clinic, Montserrado"
471,Liberia,Camp Sandee Ware clinic,Clinic,Montserrado,6.397448000000001,-10.491957000000001,"Camp Sandee Ware clinic, Montserrado"
472,Liberia,Capital Medical Clinic,Clinic,Montserrado,6.30638,-10.797312,"Capital Medical Clinic, Montserrado"
473,Liberia,E.S. Grant Mantal Hospital,Hospital,Montserrado,6.27529,-10.68934,"E.S. Grant Mantal Hospital, Montserrado"
474,Liberia,ELWA1 Hospital,Ebola Treatment Center,Montserrado,6.239380000000001,-10.69651,"ELWA1 Hospital, Montserrado"
475,Liberia,ELWA2 Hospital,Ebola Treatment Center,Montserrado,6.3279815,-10.79777,"ELWA2 Hospital, Montserrado"
476,Liberia,ELWA3 Hospital,Ebola Treatment Center,Montserrado,6.3279815,-10.79777,"ELWA3 Hospital, Montserrado"
477,Liberia,Eulysa Clinic,Clinic,Montserrado,6.31544,-10.80451,"Eulysa Clinic, Montserrado"
478,Liberia,Family Life Clinic,Clinic,Montserrado,6.3302,-10.7992,"Family Life Clinic, Montserrado"
479,Liberia,Family Medical Center,Clinic,Montserrado,6.305112,-10.7146424,"Family Medical Center, Montserrado"
480,Liberia,Few Diagnostic,Clinic,Montserrado,6.29465,-10.789019999999999,"Few Diagnostic, Montserrado"
481,Liberia,Gates of Hope,Clinic,Montserrado,6.28672,-10.6907,"Gates of Hope, Montserrado"
482,Liberia,God Will Health,Clinic,Montserrado,6.29284,-10.77195,"God Will Health, Montserrado"
483,Liberia,God Will Health,Clinic,Montserrado,6.30614,-10.79612,"God Will Health, Montserrado"
484,Liberia,Healthline Medical  Clinic,Clinic,Montserrado,6.3434099999999995,-10.7518,"Healthline Medical  Clinic, Montserrado"
485,Liberia,International poly clinic,Clinic,Montserrado,6.28941,-10.7745,"International poly clinic, Montserrado"
486,Liberia,Iron Factory Community,Clinic,Montserrado,6.33658,-10.76251,"Iron Factory Community, Montserrado"
487,Liberia,JFK Memorial Medical Centre,Hospital,Montserrado,6.3279815,-10.79777,"JFK Memorial Medical Centre, Montserrado"
488,Liberia,John F. Kennedy Medical Center,Hospital,Montserrado,6.287483,-10.773928,"John F. Kennedy Medical Center, Montserrado"
489,Liberia,Kebbeh Poly Clinic,Clinic,Montserrado,6.3178875,-10.805378300000001,"Kebbeh Poly Clinic, Montserrado"
490,Liberia,Kormassa Maternity Clinic,Clinic,Montserrado,6.30236,-10.797260000000001,"Kormassa Maternity Clinic, Montserrado"
491,Liberia,Last Hope Clinic,Clinic,Montserrado,6.3795,-10.7849,"Last Hope Clinic, Montserrado"
492,Liberia,LESH  Medical Clinic,Clinic,Montserrado,6.3667,-10.7333,"LESH  Medical Clinic, Montserrado"
493,Liberia,Liberian National Red Cross Clinic,Clinic,Montserrado,6.30881,-10.802769999999999,"Liberian National Red Cross Clinic, Montserrado"
494,Liberia,Life Care Health Center,Health Center,Montserrado,6.29332,-10.661019999999999,"Life Care Health Center, Montserrado"
495,Liberia,LNP Head Quarter Clinic,,Montserrado,6.30356,-10.795630000000001,"LNP Head Quarter Clinic, Montserrado"
496,Liberia,LNP Training Academic Clinic,Clinic,Montserrado,6.28402,-10.70089,"LNP Training Academic Clinic, Montserrado"
497,Liberia,Lofa Medical Services clinic,Clinic,Montserrado,6.305112,-10.7146424,"Lofa Medical Services clinic, Montserrado"
498,Liberia,Logan Town Community Clinic,Clinic,Montserrado,6.353159,-10.783103,"Logan Town Community Clinic, Montserrado"
499,Liberia,LPRC Community (Clinic),Clinic,Montserrado,6.32826,-10.73307,"LPRC Community (Clinic), Montserrado"
500,Liberia,Ma Tuwor,Clinic,Montserrado,6.32229,-10.728110000000001,"Ma Tuwor, Montserrado"
501,Liberia,Ma V. maternity,Clinic,Montserrado,6.290364,-10.6808596,"Ma V. maternity, Montserrado"
502,Liberia,Ma-Esther Clinic,Clinic,Montserrado,6.2724072,-10.721755,"Ma-Esther Clinic, Montserrado"
503,Liberia,MALAG Clinic,Clinic,Montserrado,6.31821,-10.80764,"MALAG Clinic, Montserrado"
504,Liberia,Marena Community Clinic,Clinic,Montserrado,6.28585,-10.76474,"Marena Community Clinic, Montserrado"
505,Liberia,Marwah Medical Center,,Montserrado,6.2671972,-10.7262008,"Marwah Medical Center, Montserrado"
506,Liberia,MASGCO Medical Center,,Montserrado,6.3110705000000005,-10.721309800000002,"MASGCO Medical Center, Montserrado"
507,Liberia,Maternal and Child Medical Clinic,Clinic,Montserrado,6.391314700000001,-10.7338196,"Maternal and Child Medical Clinic, Montserrado"
508,Liberia,Mawah Medical (Clinic),Clinic,Montserrado,6.32523,-10.80091,"Mawah Medical (Clinic), Montserrado"
509,Liberia,Medicare Clinic,Clinic,Montserrado,6.293432,-10.689021,"Medicare Clinic, Montserrado"
510,Liberia,MEDLINK  Clinic,Clinic,Montserrado,6.3156068,-10.8073698,"MEDLINK  Clinic, Montserrado"
511,Liberia,Milad,Clinic,Montserrado,6.35571,-10.7353,"Milad, Montserrado"
512,Liberia,Miracle Center of God Clinic,Clinic,Montserrado,6.2958169,-10.6820609,"Miracle Center of God Clinic, Montserrado"
513,Liberia,Modern Eye Optical Clinic,Clinic,Montserrado,6.315213900000001,-10.806306,"Modern Eye Optical Clinic, Montserrado"
514,Liberia,Monrovia Central Prison Clinic,Clinic,Montserrado,6.30849,-10.80692,"Monrovia Central Prison Clinic, Montserrado"
515,Liberia,National Police Training Academic Clinic,Clinic,Montserrado,6.283919,-10.700403,"National Police Training Academic Clinic, Montserrado"
516,Liberia,National Port Authority Clinic,Clinic,Montserrado,6.662012,-10.838944999999999,"National Port Authority Clinic, Montserrado"
517,Liberia,Neighbourhood Maternity Clinic,Clinic,Montserrado,6.298927,-10.692127000000001,"Neighbourhood Maternity Clinic, Montserrado"
518,Liberia,NUNICHAPS Barcley Mission Clinic,Clinic,Montserrado,6.306169000000001,-10.80353,"NUNICHAPS Barcley Mission Clinic, Montserrado"
519,Liberia,Old Road Community,Clinic,Montserrado,6.28383,-10.74995,"Old Road Community, Montserrado"
520,Liberia,Pacific Medical Lab. Clinic,Clinic,Montserrado,6.31775,-10.8076,"Pacific Medical Lab. Clinic, Montserrado"
521,Liberia,Pastor Fred Davis Memorial Clinic,Clinic,Montserrado,6.2716199999999995,-10.687330000000001,"Pastor Fred Davis Memorial Clinic, Montserrado"
522,Liberia,Peneta Clinic,Clinic,Montserrado,6.3099300000000005,-10.7088,"Peneta Clinic, Montserrado"
523,Liberia,Pool of Bethesda Medical Clinic,Clinic,Montserrado,6.301159999999999,-10.68026,"Pool of Bethesda Medical Clinic, Montserrado"
524,Liberia,Providence Clinic,Clinic,Montserrado,6.29277,-10.68782,"Providence Clinic, Montserrado"
525,Liberia,Red Cross,Clinic,Montserrado,6.3095099999999995,-10.80516,"Red Cross, Montserrado"
526,Liberia,Redemption Hospital,Hospital,Montserrado,6.3656,-10.7917,"Redemption Hospital, Montserrado"
527,Liberia,Rev. Browne Medical Clinic,Clinic,Montserrado,6.446914700000001,-10.6187797,"Rev. Browne Medical Clinic, Montserrado"
528,Liberia,Rev. Father James Lee Memorial Clinic,Clinic,Montserrado,6.391314700000001,-10.7338196,"Rev. Father James Lee Memorial Clinic, Montserrado"
529,Liberia,Rev. Zubah Clinic,Clinic,Montserrado,6.4195359000000005,-10.78924,"Rev. Zubah Clinic, Montserrado"
530,Liberia,Richardson- Adams Medical clinic,Clinic,Montserrado,6.3108900000000006,-10.800017,"Richardson- Adams Medical clinic, Montserrado"
531,Liberia,Sarah P. Smith Maternity,Clinic,Montserrado,6.32494,-10.72675,"Sarah P. Smith Maternity, Montserrado"
532,Liberia,SLEMP Medical Clinic,Clinic,Montserrado,6.3123,-10.6845,"SLEMP Medical Clinic, Montserrado"
533,Liberia,Slipway,Clinic,Montserrado,6.3160300000000005,-10.79861,"Slipway, Montserrado"
534,Liberia,Snapper Hill Clinic,Clinic,Montserrado,6.31963,-10.80935,"Snapper Hill Clinic, Montserrado"
535,Liberia,SOS  Hospital,Hospital,Montserrado,6.2765668329999995,-10.74908511,"SOS  Hospital, Montserrado"
536,Liberia,SOS  Sub Clinic,Clinic,Montserrado,6.29971,-10.76366,"SOS  Sub Clinic, Montserrado"
537,Liberia,St Joseph Catholic  Hospital,Hospital,Montserrado,6.2734,-10.75508,"St Joseph Catholic  Hospital, Montserrado"
538,Liberia,Super Market Community Clinic,Clinic,Montserrado,6.335319999999999,-10.79398,"Super Market Community Clinic, Montserrado"
539,Liberia,Trinity Maternity,Clinic,Montserrado,6.33634,-10.792069999999999,"Trinity Maternity, Montserrado"
540,Liberia,West Point holding unit,ETC,Montserrado,6.32445,-10.8073,"West Point holding unit, Montserrado"
541,Liberia,,,Montserrado,6.3279815,-10.79777,
542,Liberia,,,Montserrado,6.3279815,-10.79777,
543,Liberia,,,Montserrado,6.3279815,-10.79777,
544,Liberia,,,Montserrado,6.3279815,-10.79777,
545,Liberia,New Kru Town Clinic,Health Center,Montserrado,6.3511489999999995,-10.756302,"New Kru Town Clinic, Montserrado"
546,Liberia,Hydro Clinic,Clinic,Montserrado,6.2789,-10.75027,"Hydro Clinic, Montserrado"
547,Liberia,Faith Medical Laboratory,Clinic,Montserrado,6.2927599999999995,-10.69325,"Faith Medical Laboratory, Montserrado"
548,Liberia,Peace Home Medical clinic,Clinic,Montserrado,6.2966,-10.704460000000001,"Peace Home Medical clinic, Montserrado"
549,Liberia,St. Paul Evangelical Clinic,Clinic,Montserrado,6.29239,-10.69075,"St. Paul Evangelical Clinic, Montserrado"
550,Liberia,Breath of Life clinic,Clinic,Montserrado,6.29748,-10.75885,"Breath of Life clinic, Montserrado"
551,Liberia,Dagmon,Clinic,Montserrado,6.291980000000001,-10.76012,"Dagmon, Montserrado"
552,Liberia,St. Benedict Mini  Health Center,Health Center,Montserrado,6.31415,-10.69448,"St. Benedict Mini  Health Center, Montserrado"
553,Liberia,Paynesville Medical & Lab.,Clinic,Montserrado,6.28484,-10.69587,"Paynesville Medical & Lab., Montserrado"
554,Liberia,Ahmadyya,Clinic,Montserrado,6.2922400000000005,-10.784130000000001,"Ahmadyya, Montserrado"
555,Liberia,Mission of Hope Clinic,Clinic,Montserrado,6.2957388,-10.7696085,"Mission of Hope Clinic, Montserrado"
556,Liberia,St. Joseph's Catholic  Health Center,Health Center,Montserrado,6.3715,-10.7903,"St. Joseph's Catholic  Health Center, Montserrado"
557,Liberia,Ma Watta Maternity&Eye,Clinic,Montserrado,6.28125,-10.69215,"Ma Watta Maternity&Eye, Montserrado"
558,Liberia,Favor Medical Clinic,Clinic,Montserrado,6.3368549000000005,-10.739822,"Favor Medical Clinic, Montserrado"
559,Liberia,Helthon Community,Clinic,Montserrado,6.3432,-10.74442,"Helthon Community, Montserrado"
560,Liberia,Kelvin  Medical & Lab. Clinic,Clinic,Montserrado,6.345138400000001,-10.7574465,"Kelvin  Medical & Lab. Clinic, Montserrado"
561,Liberia,R H Ferguson,Health Center,Montserrado,6.3249,-10.73015,"R H Ferguson, Montserrado"
562,Liberia,Duport Road Clinic,Health Center,Montserrado,6.27537,-10.6898,"Duport Road Clinic, Montserrado"
563,Liberia,FREDAI Medical Eye,Clinic,Montserrado,6.281680000000001,-10.69231,"FREDAI Medical Eye, Montserrado"
564,Liberia,Gloring Health Clinic,Clinic,Montserrado,6.37205,-10.787289999999999,"Gloring Health Clinic, Montserrado"
565,Liberia,Markue Medical laboratory Clinic,Clinic,Montserrado,6.35,-10.7833,"Markue Medical laboratory Clinic, Montserrado"
566,Liberia,Greater Love Medical clinic,Clinic,Montserrado,6.295380000000001,-10.7784,"Greater Love Medical clinic, Montserrado"
567,Liberia,PUCC,Clinic,Montserrado,6.28506,-10.77369,"PUCC, Montserrado"
568,Liberia,SDA Cooper Memorial Hospital,Hospital,Montserrado,6.29654,-10.780569999999999,"SDA Cooper Memorial Hospital, Montserrado"
569,Liberia,Slemp Medical  Annex 2,Clinic,Montserrado,6.34932,-10.65292,"Slemp Medical  Annex 2, Montserrado"
570,Liberia,Star of the sea Health center,Health Center,Montserrado,6.3285,-10.804310000000001,"Star of the sea Health center, Montserrado"
571,Liberia,Sam Mini Clinic,Clinic,Montserrado,6.29575,-10.68655,"Sam Mini Clinic, Montserrado"
572,Liberia,Chinese Clinic,Clinic,Montserrado,6.270548000000001,-10.738085,"Chinese Clinic, Montserrado"
573,Liberia,Sets Maternity,Clinic,Montserrado,6.24989,-10.70003,"Sets Maternity, Montserrado"
574,Liberia,Agape Health Center,Clinic,Montserrado,6.27233,-10.67928,"Agape Health Center, Montserrado"
575,Liberia,Benson Hospital,Hospital,Montserrado,6.28354,-10.68962,"Benson Hospital, Montserrado"
576,Liberia,Catholic New Kru Town,Hospital,Montserrado,6.27376,-10.754719999999999,"Catholic New Kru Town, Montserrado"
577,Liberia,Dayass Mini,Clinic,Montserrado,6.28564,-10.76493,"Dayass Mini, Montserrado"
578,Liberia,Dental & Face Care,Clinic,Montserrado,6.31495,-10.807360000000001,"Dental & Face Care, Montserrado"
579,Liberia,Dr. Benjamin Harris,Clinic,Montserrado,6.3129800000000005,-10.8084,"Dr. Benjamin Harris, Montserrado"
580,Liberia,Dr. Nehme Clinic,Clinic,Montserrado,6.31415,-10.80785,"Dr. Nehme Clinic, Montserrado"
581,Liberia,Duport Road,Health Center,Montserrado,6.27607,-10.69003,"Duport Road, Montserrado"
582,Liberia,Elder John P. Dom(?),Clinic,Montserrado,6.37517,-10.79167,"Elder John P. Dom(?), Montserrado"
583,Liberia,Ger-Lib,Clinic,Montserrado,6.29783,-10.69759,"Ger-Lib, Montserrado"
584,Liberia,JAW Community,Clinic,Montserrado,6.32786,-10.74098,"JAW Community, Montserrado"
585,Liberia,JDJ Women&Children,Hospital,Montserrado,6.30302,-10.70669,"JDJ Women&Children, Montserrado"
586,Liberia,Kebeh Poly,Clinic,Montserrado,6.3198,-10.81086,"Kebeh Poly, Montserrado"
587,Liberia,Kissi Bendu,Clinic,Montserrado,6.29018,-10.68772,"Kissi Bendu, Montserrado"
588,Liberia,Liberty Clinic,Clinic,Montserrado,6.26306,-10.70422,"Liberty Clinic, Montserrado"
589,Liberia,Lofa Medical,Clinic,Montserrado,6.30501,-10.71203,"Lofa Medical, Montserrado"
590,Liberia,Louisiana,Clinic,Montserrado,6.43393,-10.70285,"Louisiana, Montserrado"
591,Liberia,Medical Laboratory,Clinic,Montserrado,6.29434,-10.78633,"Medical Laboratory, Montserrado"
592,Liberia,Medicover Clinic,Clinic,Montserrado,6.29585,-10.6809,"Medicover Clinic, Montserrado"
593,Liberia,Orphan Grain Train Medical,Clinic,Montserrado,6.30662,-10.72218,"Orphan Grain Train Medical, Montserrado"
594,Liberia,Rehab Community Clinic,Clinic,Montserrado,6.24528,-10.6757,"Rehab Community Clinic, Montserrado"
595,Liberia,Rock Hole Community,Clinic,Montserrado,6.25807,-10.68954,"Rock Hole Community, Montserrado"
596,Liberia,Seventh Day Adventist Cooper Hospital,,Montserrado,6.299077115,-10.77717431,"Seventh Day Adventist Cooper Hospital, Montserrado"
597,Liberia,Soul Clinic,,Montserrado,6.299350751,-10.6949395,"Soul Clinic, Montserrado"
598,Liberia,Stanko Medical,Clinic,Montserrado,6.3323,-10.721689999999999,"Stanko Medical, Montserrado"
599,Liberia,Trinity Healing Temple,Clinic,Montserrado,6.31596,-10.73231,"Trinity Healing Temple, Montserrado"
600,Liberia,Trinity Healing Temple,Clinic,Montserrado,6.33622,-10.18834,"Trinity Healing Temple, Montserrado"
601,Liberia,Vision for the hopelessness,Clinic,Montserrado,6.24036,-10.66812,"Vision for the hopelessness, Montserrado"
602,Liberia,Wahwahim,Clinic,Montserrado,6.33211,-10.72795,"Wahwahim, Montserrado"
603,Liberia,Whole Life Comm.,Clinic,Montserrado,6.353,-10.783439999999999,"Whole Life Comm., Montserrado"
604,Liberia,William Booth,Clinic,Montserrado,6.29533,-10.69,"William Booth, Montserrado"
605,Liberia,Wonjah Smith Memorial,Clinic,Montserrado,6.35225,-10.784180000000001,"Wonjah Smith Memorial, Montserrado"
606,Liberia,Faith Medical Laboratory II,Clinic,Montserrado,6.40331,-10.79017,"Faith Medical Laboratory II, Montserrado"
607,Liberia,Arthington Community Clinic,Clinic,Montserrado,6.5122,-10.6775,"Arthington Community Clinic, Montserrado"
608,Liberia,Blamacee Community Clinic,Clinic,Montserrado,6.4381900000000005,-10.814869999999999,"Blamacee Community Clinic, Montserrado"
609,Liberia,Imani House,Clinic,Montserrado,6.43842,-10.787889999999999,"Imani House, Montserrado"
610,Liberia,Lott Carey Mission School Clinic,Clinic,Montserrado,6.4313,-10.7881,"Lott Carey Mission School Clinic, Montserrado"
611,Liberia,Mother & Child,Clinic,Montserrado,6.3451900000000006,-10.775039999999999,"Mother & Child, Montserrado"
612,Liberia,A.F. Rusell Clinic,Clinic,Montserrado,6.423534,-10.726435,"A.F. Rusell Clinic, Montserrado"
613,Liberia,Louisiana Clinic,Clinic,Montserrado,6.4311,-10.693,"Louisiana Clinic, Montserrado"
614,Liberia,Havious-Julius Green,Health Center,Montserrado,6.43335,-10.77582,"Havious-Julius Green, Montserrado"
615,Liberia,Kpalla Clinic,Clinic,Montserrado,6.4261,-10.8117,"Kpalla Clinic, Montserrado"
616,Liberia,New Community,Clinic,Montserrado,6.39835,-10.78567,"New Community, Montserrado"
617,Liberia,P.K. Nyansaiye Medical,Clinic,Montserrado,6.28333,-10.69866,"P.K. Nyansaiye Medical, Montserrado"
618,Liberia,St. John Medical,Clinic,Montserrado,6.261480000000001,-10.696480000000001,"St. John Medical, Montserrado"
619,Liberia,St. Paul Bridge Community Clinic,Clinic,Montserrado,6.39029,-10.78261,"St. Paul Bridge Community Clinic, Montserrado"
620,Liberia,Stockton Creek Clinic,Clinic,Montserrado,6.37219,-10.77995,"Stockton Creek Clinic, Montserrado"
621,Liberia,Mariama Z. Brown Clinic,Clinic,Montserrado,6.4233,-10.7839,"Mariama Z. Brown Clinic, Montserrado"
622,Liberia,Ricks Mission School Clinic,Clinic,Montserrado,6.494,-10.8017,"Ricks Mission School Clinic, Montserrado"
623,Liberia,St. Peter Clinic,Clinic,Montserrado,6.494,-10.8017,"St. Peter Clinic, Montserrado"
624,Liberia,Banjor Comm.,Clinic,Montserrado,6.41061,-10.79693,"Banjor Comm., Montserrado"
625,Liberia,Bishop John Collins Clinic,Health Center,Montserrado,6.35786,-10.7808,"Bishop John Collins Clinic, Montserrado"
626,Liberia,R C Marshall,Clinic,Montserrado,6.41306,-10.778260000000001,"R C Marshall, Montserrado"
627,Liberia,SARCO Medical,Clinic,Montserrado,6.38472,-10.78191,"SARCO Medical, Montserrado"
628,Liberia,Goba Town Clinic,Clinic,Montserrado,6.48761,-10.44154,"Goba Town Clinic, Montserrado"
629,Liberia,Vicmah Maternity,Clinic,Montserrado,6.30807,-10.7104,"Vicmah Maternity, Montserrado"
630,Liberia,Koon Town,Clinic,Montserrado,6.602536,-10.539404,"Koon Town, Montserrado"
631,Liberia,Johnsonville,Clinic,Montserrado,6.3541,-10.68528,"Johnsonville, Montserrado"
632,Liberia,Nyehn,Health Center,Montserrado,6.547000000000001,-10.48939,"Nyehn, Montserrado"
633,Liberia,Morris Farm Clinic,Clinic,Montserrado,6.5456,-10.3837,"Morris Farm Clinic, Montserrado"
634,Liberia,Zanna Town,Clinic,Montserrado,6.71422,-10.41221,"Zanna Town, Montserrado"
635,Liberia,Bonlay,Clinic,Nimba,6.823360000000001,-8.54772,"Bonlay, Nimba"
636,Liberia,Toweh Town,Clinic,Nimba,6.7941627879999995,-8.667319238,"Toweh Town, Nimba"
637,Liberia,NEW YOURPEA,,Nimba,6.72565553,-8.486444127,"NEW YOURPEA, Nimba"
638,Liberia,Zoegeh Medical Center,Health Center,Nimba,6.95194,-8.54702,"Zoegeh Medical Center, Nimba"
639,Liberia,Diallah,Clinic,Nimba,6.47662415,-8.698507763,"Diallah, Nimba"
640,Liberia,Graie,Clinic,Nimba,6.70823,-8.77111,"Graie, Nimba"
641,Liberia,Kwendin,Clinic,Nimba,6.454647499,-8.948930267,"Kwendin, Nimba"
642,Liberia,Consolata,Clinic,Nimba,6.48795,-8.863719999999999,"Consolata, Nimba"
643,Liberia,Jackson F. Doe (Chinese) Hospital,Hospital,Nimba,6.508292542,-8.860278388,"Jackson F. Doe (Chinese) Hospital, Nimba"
644,Liberia,Mid Baptist Clinic,Clinic,Nimba,6.4948614000000005,-8.869073238,"Mid Baptist Clinic, Nimba"
645,Liberia,Zuaplay,Clinic,Nimba,6.7412399999999995,-8.87481,"Zuaplay, Nimba"
646,Liberia,Zuolay,Clinic,Nimba,6.67553,-8.787460000000001,"Zuolay, Nimba"
647,Liberia,TB & Leprosy Rehabilitation Hospital Ganta,,Nimba,7.241019643,-8.969807975,"TB & Leprosy Rehabilitation Hospital Ganta, Nimba"
648,Liberia,United Methodist Hospital Ganta,,Nimba,7.235140296,-8.977979037999999,"United Methodist Hospital Ganta, Nimba"
649,Liberia,UNMIL BANENG  Lvl 1 Hospital Ganta,,Nimba,7.214796067999999,-8.976920238,"UNMIL BANENG  Lvl 1 Hospital Ganta, Nimba"
650,Liberia,UNMIL GHANBAT Lvl 1 Hospital Ganta,,Nimba,7.230753549,-8.994728064,"UNMIL GHANBAT Lvl 1 Hospital Ganta, Nimba"
651,Liberia,Beo Yoolar,Clinic,Nimba,7.04815,-8.32137,"Beo Yoolar, Nimba"
652,Liberia,Duoplay,Clinic,Nimba,7.2869,-8.4208,"Duoplay, Nimba"
653,Liberia,Gbeivonwea,Clinic,Nimba,7.08173,-8.4168,"Gbeivonwea, Nimba"
654,Liberia,Goagortuo,Clinic,Nimba,7.41045,-8.4537,"Goagortuo, Nimba"
655,Liberia,Karnplay,Health Center,Nimba,7.26465,-8.50416,"Karnplay, Nimba"
656,Liberia,Zorgowee,Clinic,Nimba,7.34248,-8.57848,"Zorgowee, Nimba"
657,Liberia,Garplay,Clinic,Nimba,7.12257,-8.46228,"Garplay, Nimba"
658,Liberia,Vayenglay,Clinic,Nimba,7.14458,-8.56287,"Vayenglay, Nimba"
659,Liberia,Youhnlay,Clinic,Nimba,7.34093,-8.4474,"Youhnlay, Nimba"
660,Liberia,Zodru,Clinic,Nimba,6.56993,-8.57114,"Zodru, Nimba"
661,Liberia,Loguatuo,Clinic,Nimba,7.025799,-8.3658,"Loguatuo, Nimba"
662,Liberia,Cocopa,Clinic,Nimba,7.1027,-8.865160000000001,"Cocopa, Nimba"
663,Liberia,Duo Town,Clinic,Nimba,6.928375,-9.118078,"Duo Town, Nimba"
664,Liberia,Flumpa,Clinic,Nimba,7.1082399999999994,-8.911589999999999,"Flumpa, Nimba"
665,Liberia,Flumpa Mission,Clinic,Nimba,7.111560000000001,-8.92041,"Flumpa Mission, Nimba"
666,Liberia,Karnwee,Clinic,Nimba,7.02698,-8.85126,"Karnwee, Nimba"
667,Liberia,Kpaytuo,Clinic,Nimba,6.814260000000001,-8.81569,"Kpaytuo, Nimba"
668,Liberia,Saclepea Comprehensive,Health Center,Nimba,6.9755899999999995,-8.845089999999999,"Saclepea Comprehensive, Nimba"
669,Liberia,Saclepea Mission,Clinic,Nimba,6.955139999999999,-8.84182,"Saclepea Mission, Nimba"
670,Liberia,Duayee,Clinic,Nimba,6.879589999999999,-8.952960000000001,"Duayee, Nimba"
671,Liberia,Kpain,Clinic,Nimba,7.108169999999999,-9.076310000000001,"Kpain, Nimba"
672,Liberia,Bunadin,Clinic,Nimba,7.01018,-9.074110000000001,"Bunadin, Nimba"
673,Liberia,Agape,Clinic,Nimba,7.22663,-8.98617,"Agape, Nimba"
674,Liberia,Equip Ganta,Clinic,Nimba,7.226389999999999,-8.96912,"Equip Ganta, Nimba"
675,Liberia,Ganta Community Clinic,Clinic,Nimba,7.229760000000001,-9.00128,"Ganta Community Clinic, Nimba"
676,Liberia,Ganta Methodist Hospital,Hospital,Nimba,7.235110000000001,-8.9777,"Ganta Methodist Hospital, Nimba"
677,Liberia,Ganta Rehabiliation,Health Center,Nimba,7.34105,-8.96991,"Ganta Rehabiliation, Nimba"
678,Liberia,Hope Village,Clinic,Nimba,7.22635,-8.96908,"Hope Village, Nimba"
679,Liberia,K. L. Foundation,Clinic,Nimba,7.2210600000000005,-8.97925,"K. L. Foundation, Nimba"
680,Liberia,New Man,Clinic,Nimba,7.23042,-8.99311,"New Man, Nimba"
681,Liberia,Power House,Clinic,Nimba,7.2323,-8.98508,"Power House, Nimba"
682,Liberia,Ganta Hospital,,Nimba,7.2203,-8.9813,"Ganta Hospital, Nimba"
683,Liberia,YMCA Clinic,Clinic,Nimba,7.574669999999999,-8.5453,"YMCA Clinic, Nimba"
684,Liberia,Lugbehyee,Clinic,Nimba,7.60641,-8.6201,"Lugbehyee, Nimba"
685,Liberia,Liberian American (LAMCO )Yekepa Hospital,Hospital,Nimba,7.58478,-8.537930000000001,"Liberian American (LAMCO )Yekepa Hospital, Nimba"
686,Liberia,G. W. Harley Memorial Hospital,Triage,Nimba,7.35261,-8.71733,"G. W. Harley Memorial Hospital, Nimba"
687,Liberia,GW Harley,Triage,Nimba,7.35261,-8.71733,"GW Harley, Nimba"
688,Liberia,St. Mary Hospital Sanniquellie,Hospital,Nimba,7.363468813,-8.706923892,"St. Mary Hospital Sanniquellie, Nimba"
689,Liberia,Duo Tiayee,Clinic,Nimba,7.24705,-8.65889,"Duo Tiayee, Nimba"
690,Liberia,YMCA,Clinic,Nimba,7.574660000000001,-8.5443,"YMCA, Nimba"
691,Liberia,Comprehensive Health Center Saclepea,,Nimba,6.968966138,-8.844783251,"Comprehensive Health Center Saclepea, Nimba"
692,Liberia,JUNCTION,,Nimba,6.450479595,-9.013556386,"JUNCTION, Nimba"
693,Liberia,Mehnla,Clinic,Nimba,6.815810000000001,-8.97828,"Mehnla, Nimba"
694,Liberia,"Arcellor Mittal Hospital, Yekepa",Hospital,Nimba,7.584696429,-8.537762082999999,"Arcellor Mittal Hospital, Yekepa, Nimba"
695,Liberia,Zeekapa,,Nimba,6.649571195,-9.117432642999999,"Zeekapa, Nimba"
696,Liberia,Bahn,Health Center,Nimba,7.02958,-8.730210000000001,"Bahn, Nimba"
697,Liberia,Bahn Mission,Clinic,Nimba,7.02088,-8.72441,"Bahn Mission, Nimba"
698,Liberia,Beadatuo,Clinic,Nimba,6.99038,-8.59757,"Beadatuo, Nimba"
699,Liberia,Buutuo,Clinic,Nimba,6.83018,-8.34343,"Buutuo, Nimba"
700,Liberia,Gblarlay,Clinic,Nimba,6.72277,-8.4286,"Gblarlay, Nimba"
701,Liberia,Gbloulay,Clinic,Nimba,6.8944,-8.595080000000001,"Gbloulay, Nimba"
702,Liberia,Lepula,Clinic,Nimba,6.97915,-8.41772,"Lepula, Nimba"
703,Liberia,Payee Comm.,Clinic,Nimba,7.11285,-8.7349,"Payee Comm., Nimba"
704,Liberia,Wehplay,Clinic,Nimba,7.0778,-8.6281,"Wehplay, Nimba"
705,Liberia,ITI Clinic,Clinic,River Cess,5.61584,-9.32318,"ITI Clinic, River Cess"
706,Liberia,Dorbor Clinic,Clinic,River Cess,6.029636,-9.994233,"Dorbor Clinic, River Cess"
707,Liberia,Zammie,Clinic,River Cess,5.85358,-9.22857,"Zammie, River Cess"
708,Liberia,Neezuin Town,,River Cess,5.6876420020000005,-9.500306225,"Neezuin Town, River Cess"
709,Liberia,Obs-Obs Mission,Clinic,River Cess,5.52013,-9.61853,"Obs-Obs Mission, River Cess"
710,Liberia,Timbo Compound,Clinic,River Cess,5.56679,-9.71894,"Timbo Compound, River Cess"
711,Liberia,Boegeesay,Clinic,River Cess,6.15302,-9.32163,"Boegeesay, River Cess"
712,Liberia,Gozohn Clinic,Clinic,River Cess,6.450092,-9.743114,"Gozohn Clinic, River Cess"
713,Liberia,Kangbo Clinic,Clinic,River Cess,6.2688,-9.202869999999999,"Kangbo Clinic, River Cess"
714,Liberia,Gozohn,Clinic,River Cess,6.2599599999999995,-9.276530000000001,"Gozohn, River Cess"
715,Liberia,Charile Town Clinic,Clinic,River Cess,5.663100512000001,-9.621288423,"Charile Town Clinic, River Cess"
716,Liberia,Bodowhea,Clinic,River Cess,6.0037,-9.40138,"Bodowhea, River Cess"
717,Liberia,Larkpazee Clinic,Clinic,River Cess,6.090330000000001,-9.413030000000001,"Larkpazee Clinic, River Cess"
718,Liberia,Kayah Community,Clinic,River Cess,5.89928,-9.62345,"Kayah Community, River Cess"
719,Liberia,Gblossoe,Clinic,River Cess,5.776009999999999,-9.584610000000001,"Gblossoe, River Cess"
720,Liberia,Gbediah Clinic,Clinic,River Cess,5.741732117000001,-9.641593906,"Gbediah Clinic, River Cess"
721,Liberia,Yarpa Town,,River Cess,5.715569572000001,-9.618635486,"Yarpa Town, River Cess"
722,Liberia,Sahyah,Clinic,River Cess,5.8451900000000006,-9.54236,"Sahyah, River Cess"
723,Liberia,St. Francis,Hospital,River Cess,5.47024,-9.5801,"St. Francis, River Cess"
724,Liberia,St. Francis Hospital,Hospital,River Cess,5.469556681,-9.582268806,"St. Francis Hospital, River Cess"
725,Liberia,Cherboken,Clinic,River Gee,5.26501,-8.07687,"Cherboken, River Gee"
726,Liberia,Putuken Clinic,Clinic,River Gee,5.34589,-8.034510000000001,"Putuken Clinic, River Gee"
727,Liberia,Jarkaken,Clinic,River Gee,5.377330000000001,-7.99596,"Jarkaken, River Gee"
728,Liberia,Gbeapo Health Center,Health Center,River Gee,5.2346900000000005,-8.013860000000001,"Gbeapo Health Center, River Gee"
729,Liberia,Kizito Kanweakan,Clinic,River Gee,4.7604,-8.0916,"Kizito Kanweakan, River Gee"
730,Liberia,Killepo Clinic,Clinic,River Gee,5.49176,-8.09328,"Killepo Clinic, River Gee"
731,Liberia,Pronoken Town,Clinic,River Gee,5.184480000000001,-7.967630000000001,"Pronoken Town, River Gee"
732,Liberia,St. Kizito,Clinic,River Gee,5.2308900000000005,-8.01336,"St. Kizito, River Gee"
733,Liberia,U-bor,Clinic,River Gee,5.440840000000001,-7.5085,"U-bor, River Gee"
734,Liberia,Kronoken City Clinic,,River Gee,4.87541819,-7.619479092000001,"Kronoken City Clinic, River Gee"
735,Liberia,Jimmyville Clinic,Clinic,River Gee,4.88052,-7.62165,"Jimmyville Clinic, River Gee"
736,Liberia,Nyaaken Town Clinic,,River Gee,4.8519520289999996,-7.599060085,"Nyaaken Town Clinic, River Gee"
737,Liberia,Tuobo Clinic,Clinic,River Gee,4.958156,-7.6253,"Tuobo Clinic, River Gee"
738,Liberia,Nyenebo,Clinic,River Gee,4.903980000000001,-7.81728,"Nyenebo, River Gee"
739,Liberia,Charles Williams Clinic,,River Gee,4.958179843,-7.623637133,"Charles Williams Clinic, River Gee"
740,Liberia,Webo Chara Clinic,,River Gee,4.883103374,-7.618381386,"Webo Chara Clinic, River Gee"
741,Liberia,Fishtown Clinic,Health Center,River Gee,5.1974297,-7.8755193,"Fishtown Clinic, River Gee"
742,Liberia,Jayproken Clinic,Clinic,River Gee,5.291194,-7.8484679999999996,"Jayproken Clinic, River Gee"
743,Liberia,Juwelbo,Clinic,River Gee,5.40875,-7.82522,"Juwelbo, River Gee"
744,Liberia,Japroken,Clinic,River Gee,5.2887900000000005,-7.847060000000001,"Japroken, River Gee"
745,Liberia,River Gbeh Clinic,Clinic,River Gee,5.21162,-7.664510000000001,"River Gbeh Clinic, River Gee"
746,Liberia,Sarbo Sweaken Clinic,Health Center,River Gee,5.13154,-7.73245,"Sarbo Sweaken Clinic, River Gee"
747,Liberia,Gbeh Town Clinic,,River Gee,5.209691686,-7.66460084,"Gbeh Town Clinic, River Gee"
748,Liberia,Tuobo,Clinic,River Gee,5.0233099999999995,-7.659730000000001,"Tuobo, River Gee"
749,Liberia,Diyankpo,Clinic,Sinoe,5.0330900000000005,-8.53072,"Diyankpo, Sinoe"
750,Liberia,Government Camp Clinic,Clinic,Sinoe,5.029936029,-8.439788792,"Government Camp Clinic, Sinoe"
751,Liberia,Wiah Town,Clinic,Sinoe,5.2941367999999995,-9.001917,"Wiah Town, Sinoe"
752,Liberia,BOPC,Clinic,Sinoe,5.254980000000001,-9.17141,"BOPC, Sinoe"
753,Liberia,Butaw,Clinic,Sinoe,5.11943,-9.070039999999999,"Butaw, Sinoe"
754,Liberia,Karquekpo Clinic,Clinic,Sinoe,4.984850091,-8.649099313999999,"Karquekpo Clinic, Sinoe"
755,Liberia,JAUYEN CLINIC,Clinic,Sinoe,5.091608157,-8.667988149,"JAUYEN CLINIC, Sinoe"
756,Liberia,Menweh Walker,Clinic,Sinoe,4.94339,-8.72355,"Menweh Walker, Sinoe"
757,Liberia,Edward Memorial,Clinic,Sinoe,4.8992,-8.8458,"Edward Memorial, Sinoe"
758,Liberia,Edward Memorial,Clinic,Sinoe,4.8999,-8.8432,"Edward Memorial, Sinoe"
759,Liberia,Kwitatuzon Clinic,Clinic,Sinoe,4.992147097,-8.788915187,"Kwitatuzon Clinic, Sinoe"
760,Liberia,TUZON CLINIC,,Sinoe,5.101449226000001,-8.498369334,"TUZON CLINIC, Sinoe"
761,Liberia,Lexington (Seesee) Clinic,Clinic,Sinoe,5.045554866,-9.039694475,"Lexington (Seesee) Clinic, Sinoe"
762,Liberia,F. J. Grante,Hospital,Sinoe,5.0085839000000005,-9.0367031,"F. J. Grante, Sinoe"
763,Liberia,FJ GRANTE MEMORIAL HOSPITAL,Hospital,Sinoe,5.011177841,-9.037888193999999,"FJ GRANTE MEMORIAL HOSPITAL, Sinoe"
764,Liberia,St. Joseph Catholic,Clinic,Sinoe,5.0218300000000005,-9.04379,"St. Joseph Catholic, Sinoe"
765,Liberia,Jokoken,Clinic,Sinoe,5.35354,-8.128919999999999,"Jokoken, Sinoe"
766,Liberia,Nyennawlicken,Clinic,Sinoe,5.36939,-8.189689999999999,"Nyennawlicken, Sinoe"
767,Liberia,Doodwicken Clinic,,Sinoe,5.176582969,-8.565983116,"Doodwicken Clinic, Sinoe"
768,Liberia,Ducor Free,Clinic,Sinoe,5.27099,-8.37327,"Ducor Free, Sinoe"
769,Liberia,GBATEKEN CLINIC,,Sinoe,5.3174572,-8.29694428,"GBATEKEN CLINIC, Sinoe"
770,Liberia,JARPOKEN CLINIC,,Sinoe,5.202815395,-8.563258161,"JARPOKEN CLINIC, Sinoe"
771,Liberia,Juarzon,Clinic,Sinoe,5.3797358,-8.8496735,"Juarzon, Sinoe"
772,Liberia,Jacksonville,Clinic,Sinoe,5.41245,-9.08578,"Jacksonville, Sinoe"
773,Liberia,ENI Clinic,Clinic,Sinoe,5.43626,-8.9317,"ENI Clinic, Sinoe"
774,Liberia,Roselyn Toe Massaquoi,Clinic,Sinoe,5.3745,-8.961839999999999,"Roselyn Toe Massaquoi, Sinoe"
775,Liberia,Wiah Town,Clinic,Sinoe,5.2941367999999995,-9.001917,"Wiah Town, Sinoe"
776,Liberia,Drapo Clinic,,Sinoe,5.037407748,-8.908884302999999,"Drapo Clinic, Sinoe"
777,Liberia,DEJIJA KILO CLINIC,Clinic,Sinoe,5.086265115,-8.97022728,"DEJIJA KILO CLINIC, Sinoe"
778,Liberia,SAYWON TOWN CLINIC,Clinic,Sinoe,5.0527718980000005,-8.833101151000001,"SAYWON TOWN CLINIC, Sinoe"
779,Liberia,KABADA CLINIC,Clinic,Sinoe,4.989447857,-8.841235849,"KABADA CLINIC, Sinoe"
780,Liberia,Kilo Town,Clinic,Sinoe,5.0925199999999995,-8.97223,"Kilo Town, Sinoe"
781,Liberia,PANAMA CLINIC,,Sinoe,4.991273586,-8.939561142,"PANAMA CLINIC, Sinoe"
782,Liberia,SINOE RUBBER COMPANY CLINIC,,Sinoe,5.161351615,-8.966614568999999,"SINOE RUBBER COMPANY CLINIC, Sinoe"
783,Liberia,SRC,Clinic,Sinoe,5.1330800000000005,-8.99635,"SRC, Sinoe"
784,Liberia,TUBMANVILLE CLINIC,Clinic,Sinoe,4.9972821,-8.887749900000001,"TUBMANVILLE CLINIC, Sinoe"
785,Liberia,Chebioh's Town,Clinic,Sinoe,5.528857599999999,-8.6330781,"Chebioh's Town, Sinoe"
786,Liberia,Pyne Town,Clinic,Sinoe,5.69374,-8.400830000000001,"Pyne Town, Sinoe"
787,Liberia,Pellokon,Clinic,Sinoe,5.67882,-8.590689999999999,"Pellokon, Sinoe"
788,Liberia,Voogbardee,Clinic,Sinoe,5.78907,-8.54031,"Voogbardee, Sinoe"
