,Country,Date,Center,Type,Region,Place,Lat,Long,Location_des
0,Liberia,2014-08-19 00:00:00,Bonjeh clinic,1 Public Clinic,Bomi,Gbonje (Bonjeh),6.488652,-10.853673,"Bonjeh clinic, Bomi"
1,Liberia,2014-08-19 00:00:00,Jenneh #3 clinic,1 Public Clinic,Bomi,Jenne,6.53735,-10.8532,"Jenneh #3 clinic, Bomi"
2,Liberia,2014-08-19 00:00:00,Beh Town clinic,1 Public Clinic,Bomi,Beh (Beang),6.617460793,-10.98715176,"Beh Town clinic, Bomi"
3,Liberia,,Bowein clinic,1 Gov. Hospital,Bomi,Bowein,6.607968059,-10.87047949,"Bowein clinic, Bomi"
4,Liberia,,Dagweh Clinic,1 Public Clinic,Bomi,"Tagweh (Dagweh, Togee)",6.566992965,-10.94626858,"Dagweh Clinic, Bomi"
5,Liberia,,Vortor clinic,1 Public Clinic,Bomi,Vortor,6.618174639,-11.03416872,"Vortor clinic, Bomi"
6,Liberia,,Gbah Jekeh Town  Community Clinic,1 Public Clinic,Bomi,Baha,6.714684,-10.971777,"Gbah Jekeh Town  Community Clinic, Bomi"
7,Liberia,2014-08-19 00:00:00,Weawolo,Clinic,Bomi,Bayukes,6.62395,-10.77383,"Weawolo, Bomi"
8,Liberia,2014-08-19 00:00:00,Gohnzipo,1 Public Clinic,Bomi,Gohnzipo,6.66235,-10.92548,"Gohnzipo, Bomi"
9,Liberia,2014-08-19 00:00:00,Gonjeh Clinic,Hospital,Bomi,Gonjeh,6.64807,-10.83499,"Gonjeh Clinic, Bomi"
10,Liberia,2014-08-19 00:00:00,Goghen Clinic,1 Public Clinic,Bomi,"Gonjeh (Gogehn, Gobehn, Gogbehn0",6.734145076,-10.73438826,"Goghen Clinic, Bomi"
11,Liberia,,Juajuah clinic,1 Public Clinic,Bomi,JuaJuah,6.673484261,-10.75678262,"Juajuah clinic, Bomi"
12,Liberia,,Klay Town clinic,1 Public Clinic,Bomi,Klay,6.692941959,-10.87441825,"Klay Town clinic, Bomi"
13,Liberia,2014-08-19 00:00:00,Malema,Clinic,Bomi,Malema Gobla,6.67489,-10.97365,"Malema, Bomi"
14,Liberia,2014-08-19 00:00:00,Sass/Sasstown,1 Public Clinic,Bomi,Sass Town / Be Sali,6.582574241,-10.89117902,"Sass/Sasstown, Bomi"
15,Liberia,2014-08-19 00:00:00,Sasstown Clinic,Clinic,Bomi,Zordee,6.67607,-10.78253,"Sasstown Clinic, Bomi"
16,Liberia,,Zordee Community Clinic,Clinic,Bomi,Zordee,6.6761,-10.7829,"Zordee Community Clinic, Bomi"
17,Liberia,2014-08-19 00:00:00,Guthrie Plantation,Clinic,Bomi,,6.73926,-10.94557,"Guthrie Plantation, Bomi"
18,Liberia,2014-08-18 00:00:00,Beafini clinic,1 Public Clinic,Bomi,Beafini,6.861015299,-10.89858817,"Beafini clinic, Bomi"
19,Liberia,,Besao clinic,1 Public Clinic,Bomi,Besao,6.729860221,-10.91344801,"Besao clinic, Bomi"
20,Liberia,,Gayah Hill clinic,1 Public Clinic,Bomi,Gayah Hill,6.760613773,-10.909951,"Gayah Hill clinic, Bomi"
21,Liberia,2014-08-19 00:00:00,Sackie Town,Clinic,Bomi,Sackie,6.97606,-10.92974,"Sackie Town, Bomi"
22,Liberia,,Sakey clinic,1 Public Clinic,Bomi,Saykay,6.570707111,-10.920969,"Sakey clinic, Bomi"
23,Liberia,2014-08-19 00:00:00,Ahmiddiya,Clinic,Bomi,Tubmanburg,6.86888,-10.824,"Ahmiddiya, Bomi"
24,Liberia,2014-08-19 00:00:00,Liberia Government Hospital,Hospital,Bomi,Tubmanburg,6.86717,-10.83035,"Liberia Government Hospital, Bomi"
25,Liberia,2014-08-19 00:00:00,St. Luke's Clinic,Clinic,Bomi,Tubmanburg,6.863166,-10.820971,"St. Luke's Clinic, Bomi"
26,Liberia,2014-09-17 00:00:00,Tubmanburg Government Hospital,Hospital,Bomi,Tubmanburg,6.871234897,-10.82806485,"Tubmanburg Government Hospital, Bomi"
27,Liberia,,Alasala,1 Public Clinic,Bomi,Alasala,6.583160648,-10.72933717,"Alasala, Bomi"
28,Liberia,,Mecca Town,1 Public Clinic,Bomi,Mecca,6.835048246,-10.57823728,"Mecca Town, Bomi"
29,Liberia,2014-08-19 00:00:00,Mecca,Clinic,Bomi,Suehn,6.83133,-10.57927,"Mecca, Bomi"
30,Liberia,2014-08-19 00:00:00,Suehn Town Clinic,1 Public Clinic,Bomi,Suehn (Suen),6.617598261,-10.70685009,"Suehn Town Clinic, Bomi"
31,Liberia,,Fefeh Clinic,Clinic,Bomi,Fefeh Town,6.6516,-10.745,"Fefeh Clinic, Bomi"
32,Liberia,,Mecca Community Clinic,Clinic,Bomi,Mecca,6.83422,-10.57827,"Mecca Community Clinic, Bomi"
33,Liberia,,Weawolo Community Clinic,Clinic,Bomi,Weawolo,6.6174343,-10.7882773,"Weawolo Community Clinic, Bomi"
34,Liberia,,Bong Mines Hospital,Hospital,Bong,Bong Town,6.806782053,-10.35739297,"Bong Mines Hospital, Bong"
35,Liberia,2014-08-19 00:00:00,Haindi Clinic,Clinic,Bong,Haindi,6.88793,-10.38544,"Haindi Clinic, Bong"
36,Liberia,2014-08-19 00:00:00,Janyea,Clinic,Bong,Donieta,6.69888,-9.52967,"Janyea, Bong"
37,Liberia,,Africa First Baptist Mission (AFBM),Clinic,Bong,Gbarnga,6.979612129,-9.461446616,"Africa First Baptist Mission (AFBM), Bong"
38,Liberia,,C.B. Dunbar Hospital,Hospital,Bong,Gbarnga,7.004200176,-9.477676634,"C.B. Dunbar Hospital, Bong"
39,Liberia,2014-08-19 00:00:00,Charles B. Dunbar,Clinic,Bong,Gbarnga,7.00459,-9.47743,"Charles B. Dunbar, Bong"
40,Liberia,2014-08-19 00:00:00,Liberia Against Malnutrition (LAM),Clinic,Bong,Gbarnga,7.0007,-9.47324,"Liberia Against Malnutrition (LAM), Bong"
41,Liberia,2014-08-19 00:00:00,Samay Clinic,Clinic,Bong,Samita,6.784332527,-9.442616278,"Samay Clinic, Bong"
42,Liberia,2014-08-19 00:00:00,Gbecohn Health Center,Clinic,Bong,Gbecohn,6.66861,-9.43349,"Gbecohn Health Center, Bong"
43,Liberia,,Bellemu Clinic,Clinic,Bong,Belemu,7.193365963,-9.205787471,"Bellemu Clinic, Bong"
44,Liberia,2014-08-19 00:00:00,Garmue Clinic,Clinic,Bong,Gamu,7.233364625,-9.166311283,"Garmue Clinic, Bong"
45,Liberia,,Jowah Clinic,Clinic,Bong,Jowa,7.355543772,-9.233134215,"Jowah Clinic, Bong"
46,Liberia,,Kpaii Clinic,Clinic,Bong,Kpai,6.97644,-9.23174,"Kpaii Clinic, Bong"
47,Liberia,,Forquelleh Clinic,,Bong,Fokole,7.127050057,-9.226858682,"Forquelleh Clinic, Bong"
48,Liberia,2014-08-19 00:00:00,Palala Clinic,Clinic,Bong,Palala,7.001822306,-9.287095505,"Palala Clinic, Bong"
49,Liberia,2014-08-19 00:00:00,Zebay,Clinic,Bong,Zabe,6.92475,-9.20017,"Zebay, Bong"
50,Liberia,2014-08-19 00:00:00,Zowienta,Clinic,Bong,Zowienta,6.81907,-9.18464,"Zowienta, Bong"
51,Liberia,2014-08-19 00:00:00,Yila,Clinic,Bong,,6.8594,-9.11286,"Yila, Bong"
52,Liberia,2014-08-19 00:00:00,Tokpaipolu Clinic,,Bong,Guleta,6.72024689,-9.824290929,"Tokpaipolu Clinic, Bong"
53,Liberia,2014-08-19 00:00:00,Salala Clinic,Clinic,Bong,Salala,6.749827593,-10.09803674,"Salala Clinic, Bong"
54,Liberia,2014-08-19 00:00:00,Totota Clinic,Clinic,Bong,Totota,6.810664267,-9.941902011,"Totota Clinic, Bong"
55,Liberia,,Zointa Clinic,,Bong,Zowienta,6.815887488,-9.188245607,"Zointa Clinic, Bong"
56,Liberia,2014-08-19 00:00:00,Gbonota Clinic,Clinic,Bong,Gbonota,7.108716364,-9.781772038,"Gbonota Clinic, Bong"
57,Liberia,,Kelebei Clinic,,Bong,Kelebei,7.013664613,-10.09275912,"Kelebei Clinic, Bong"
58,Liberia,2014-08-19 00:00:00,Sanoyea Clinic,Clinic,Bong,Sanoyea,6.974384731,-9.981692218,"Sanoyea Clinic, Bong"
59,Liberia,2014-08-19 00:00:00,Fenutoli,Clinic,Bong,Fenutoli,6.67909,-9.69132,"Fenutoli, Bong"
60,Liberia,2014-10-20 00:00:00,Gbartala Clinic,Clinic,Bong,Gbatala,6.890260369,-9.673339927,"Gbartala Clinic, Bong"
61,Liberia,,Gbartuah Clinic,,Bong,Kalimai,7.786053493,-9.511802859,"Gbartuah Clinic, Bong"
62,Liberia,,Phebe Hospital,Hospital,Bong,Phebe,6.6748,-9.5773,"Phebe Hospital, Bong"
63,Liberia,2014-08-19 00:00:00,Phebe  OPD,Clinic,Bong,Phebe,7.02813,-9.55407,"Phebe  OPD, Bong"
64,Liberia,,Ebola Treatment Unit,,Bong,Samukata,7.005653345,-9.554723702,"Ebola Treatment Unit, Bong"
65,Liberia,2014-08-19 00:00:00,Gbanla Community,Clinic,Bong,Sentoa,7.00504,-9.74837,"Gbanla Community, Bong"
66,Liberia,,Zeansue Clinic,Clinic,Bong,Zienzu,6.88117471,-9.760577044,"Zeansue Clinic, Bong"
67,Liberia,2014-09-17 00:00:00,Bong County ETC,,Bong,,6.9622195,-9.7134459,"Bong County ETC, Bong"
68,Liberia,,Rock Crusher Clinic,,Bong,Gebo Town,6.509638807,-9.508756341,"Rock Crusher Clinic, Bong"
69,Liberia,2014-10-22 00:00:00,Belefanai Clinic,Clinic,Bong,Belefanai,7.26258,-9.43608,"Belefanai Clinic, Bong"
70,Liberia,2014-08-19 00:00:00,Botota Clinic,Clinic,Bong,Botata,6.65331331,-9.376816285,"Botota Clinic, Bong"
71,Liberia,2014-08-19 00:00:00,Gbalatuah,Clinic,Bong,Gbalatuah,7.31219,-9.51117,"Gbalatuah, Bong"
72,Liberia,2014-08-19 00:00:00,Gbansuesuloma,Clinic,Bong,Gbansatauma,7.2346,-9.61568,"Gbansuesuloma, Bong"
73,Liberia,,Bar Ta Clinic,Clinic,Bong,Gbata Number Two,6.710810507,-9.295426703,"Bar Ta Clinic, Bong"
74,Liberia,2014-08-19 00:00:00,Naama,Clinic,Bong,Namata,7.25802,-9.35202,"Naama, Bong"
75,Liberia,2014-08-19 00:00:00,Shankpalai Clinic,,Bong,Shankpalai,7.368504794,-9.33525813,"Shankpalai Clinic, Bong"
76,Liberia,,Belle Baloma Clinic,,Gbarpolu,Belle Mbaloma,7.567459079,-9.971741919,"Belle Baloma Clinic, Gbarpolu"
77,Liberia,,Fassama Clinic,Clinic,Gbarpolu,Fassama,7.519487118,-9.987948087,"Fassama Clinic, Gbarpolu"
78,Liberia,,Bellekpalunu Clinic,,Gbarpolu,Belle Kpamu,7.157089577,-10.24250467,"Bellekpalunu Clinic, Gbarpolu"
79,Liberia,2014-08-19 00:00:00,Gbangay,Clinic,Gbarpolu,Gbangay,7.18472,-10.30854,"Gbangay, Gbarpolu"
80,Liberia,,Gumgbeta Clinic,,Gbarpolu,Gumgbeta,7.257855131,-10.09514999,"Gumgbeta Clinic, Gbarpolu"
81,Liberia,2014-10-22 00:00:00,Bopolu City Clinic,Cinic,Gbarpolu,Bopolu,7.06864917,-10.48668718,"Bopolu City Clinic, Gbarpolu"
82,Liberia,2014-08-19 00:00:00,Chief Jallah Lone Medical Center,Hospital,Gbarpolu,Bopolu,7.0656,-10.48956,"Chief Jallah Lone Medical Center, Gbarpolu"
83,Liberia,,Gbaayama Clinic,Clinic,Gbarpolu,Boporo,7.066218,-10.490959,"Gbaayama Clinic, Gbarpolu"
84,Liberia,2014-08-19 00:00:00,Henry Town Clinic,Clinic,Gbarpolu,Henry Town,7.26524,-10.35247,"Henry Town Clinic, Gbarpolu"
85,Liberia,,Small Henry Clinic,,Gbarpolu,Henry Town,7.877817642,-10.53204952,"Small Henry Clinic, Gbarpolu"
86,Liberia,2014-08-19 00:00:00,Gokanla Clinic,Clinic,Gbarpolu,Jallah Lone,6.930709571,-10.63465704,"Gokanla Clinic, Gbarpolu"
87,Liberia,2014-08-19 00:00:00,Gbaryamah,Clinic,Gbarpolu,Jojoma,7.0218,-10.62696,"Gbaryamah, Gbarpolu"
88,Liberia,2014-08-19 00:00:00,Bambuta Clinic,Clinic,Gbarpolu,Lot Carey Mission,6.95492,-10.54582,"Bambuta Clinic, Gbarpolu"
89,Liberia,2014-08-19 00:00:00,Totaquelleh Clinic,Clinic,Gbarpolu,Totoquelle,7.066218936,-10.39525146,"Totaquelleh Clinic, Gbarpolu"
90,Liberia,2014-08-19 00:00:00,Gbarma Town Community Clinic,Clinic,Gbarpolu,Gbaama,6.995254445,-10.7887262,"Gbarma Town Community Clinic, Gbarpolu"
91,Liberia,,Tarpoima Clinic,,Gbarpolu,Takpoima,7.171086247,-10.6762406,"Tarpoima Clinic, Gbarpolu"
92,Liberia,2014-08-19 00:00:00,Weasua Clinic,Clinic,Gbarpolu,Weasua,7.316279958,-10.53006083,"Weasua Clinic, Gbarpolu"
93,Liberia,2014-08-19 00:00:00,Yangaya Clinic,Clinic,Gbarpolu,Yangaya,7.1106,-10.76018,"Yangaya Clinic, Gbarpolu"
94,Liberia,2014-08-19 00:00:00,Yomo Town,Clinic,Gbarpolu,Yomoto,6.94755,-10.76509,"Yomo Town, Gbarpolu"
95,Liberia,,Yomo Town Clinic,Clinic,Gbarpolu,Yomoto,6.951946699,-10.76413062,"Yomo Town Clinic, Gbarpolu"
96,Liberia,2014-08-19 00:00:00,Kpayeakwelle Clinic,1 Public Clinic,Gbarpolu,Baikole,7.139622725,-9.985300357,"Kpayeakwelle Clinic, Gbarpolu"
97,Liberia,,Gbalyamah Clinic,1 Public Clinic,Gbarpolu,Moipata,7.135952079,-10.00974126,"Gbalyamah Clinic, Gbarpolu"
98,Liberia,2014-08-19 00:00:00,Kungbor Clinic,Clinic,Gbarpolu,Kongbor,7.64716,-10.57585,"Kungbor Clinic, Gbarpolu"
99,Liberia,,Zuie Clinic,,Gbarpolu,Teh,7.65923703,-10.46055739,"Zuie Clinic, Gbarpolu"
100,Liberia,2014-08-19 00:00:00,SATMH - Mittal Steel,Hospital,Grand Bassa,Buchanan,5.87101,-10.02755,"SATMH - Mittal Steel, Grand Bassa"
101,Liberia,,ACFI Clinic,Clinic,Grand Bassa,Buchanan City,5.896594168,-10.02422926,"ACFI Clinic, Grand Bassa"
102,Liberia,,ArcelorMittal Hospital,,Grand Bassa,Buchanan City,5.863308381,-10.03430258,"ArcelorMittal Hospital, Grand Bassa"
103,Liberia,2014-08-19 00:00:00,Christian Extension Ministry,Clinic,Grand Bassa,Buchanan City,5.87912,-10.04224,"Christian Extension Ministry, Grand Bassa"
104,Liberia,2014-08-19 00:00:00,Joriam,Clinic,Grand Bassa,Buchanan City,5.88095,-10.04915,"Joriam, Grand Bassa"
105,Liberia,2014-08-19 00:00:00,Liberian Government Hospital,Hospital,Grand Bassa,Buchanan City,5.88373945,-10.03991336,"Liberian Government Hospital, Grand Bassa"
106,Liberia,2014-08-19 00:00:00,St. Peter Claver Catholic Health Center,Health Center,Grand Bassa,Buchanan City,5.876878649,-10.04247487,"St. Peter Claver Catholic Health Center, Grand Bassa"
107,Liberia,2014-08-19 00:00:00,Well Baby,Clinic,Grand Bassa,Buchanan City,5.88531,-10.03419,"Well Baby, Grand Bassa"
108,Liberia,,World Wide Clinic (CEM Center Clinic),,Grand Bassa,Buchanan City,5.895552907,-10.02972832,"World Wide Clinic (CEM Center Clinic), Grand Bassa"
109,Liberia,,"UNMIL Clinic, Buchanan",,Grand Bassa,Hanandsville,5.863308381,-10.03430258,"UNMIL Clinic, Buchanan, Grand Bassa"
110,Liberia,2014-08-19 00:00:00,Edina,Clinic,Grand Bassa,Edina City,5.92487,-10.0762,"Edina, Grand Bassa"
111,Liberia,2014-08-19 00:00:00,Little Bassa,Clinic,Grand Bassa,Little Bassa,6.033882714,-10.21531657,"Little Bassa, Grand Bassa"
112,Liberia,2014-08-19 00:00:00,Lloydsville (Clinic),Clinic,Grand Bassa,Quetroyah,6.11825,-10.13155,"Lloydsville (Clinic), Grand Bassa"
113,Liberia,,Loyd Ville Town,,Grand Bassa,Timue's,6.120904491,-10.12515111,"Loyd Ville Town, Grand Bassa"
114,Liberia,2014-08-19 00:00:00,Jacob Lateh,Clinic,Grand Bassa,,6.44338,-10.23,"Jacob Lateh, Grand Bassa"
115,Liberia,2014-08-19 00:00:00,Compound 2,Clinic,Grand Bassa,Compound 2,6.21586,-9.91627,"Compound 2, Grand Bassa"
116,Liberia,2014-08-19 00:00:00,Senyah Community,Clinic,Grand Bassa,"Senyah, campwood",6.34486,-9.843,"Senyah Community, Grand Bassa"
117,Liberia,,Barssegiah Town,Clinic,Grand Bassa,Barssegiah Town,6.336993877,-9.636517634,"Barssegiah Town, Grand Bassa"
118,Liberia,,Glay Town,,Grand Bassa,Boeglay/Morris,6.172220685,-9.745679951,"Glay Town, Grand Bassa"
119,Liberia,2014-08-19 00:00:00,Brenda King Clinic,Clinic,Grand Bassa,Buchanan,5.89345,-10.02167,"Brenda King Clinic, Grand Bassa"
120,Liberia,,"Mittal Steel Hospital,",Hosp,Grand Bassa,Buchanan,5.871499,-10.027783,"Mittal Steel Hospital,, Grand Bassa"
121,Liberia,,SATMH - Mittal Steel Hosp,Hosp,Grand Bassa,Buchanan,5.871499,-10.027783,"SATMH - Mittal Steel Hosp, Grand Bassa"
122,Liberia,2014-08-19 00:00:00,Compound 3 Clinic,Clinic,Grand Bassa,Compound #3,6.149498235,-9.78983313,"Compound 3 Clinic, Grand Bassa"
123,Liberia,,YOU & ME Clinic,,Grand Bassa,Daybay,5.859673125,-9.941497922,"YOU & ME Clinic, Grand Bassa"
124,Liberia,2014-08-19 00:00:00,Desoe Town Clinic,Clinic,Grand Bassa,Desoe Town,6.51592,-9.39252,"Desoe Town Clinic, Grand Bassa"
125,Liberia,,Liberian Agriculture Company (LAC) Hospital,Hospital,Grand Bassa,Hospital camp,6.088696892,-9.737223148,"Liberian Agriculture Company (LAC) Hospital, Grand Bassa"
126,Liberia,,Zammie Clinic,Clinic,Grand Bassa,Kpor,6.351538,-9.788089,"Zammie Clinic, Grand Bassa"
127,Liberia,,Mission Camp (LAC),,Grand Bassa,Mission Camp,6.003029292,-9.774359283,"Mission Camp (LAC), Grand Bassa"
128,Liberia,,Compound 3,,Grand Bassa,Paygar/Moses Cully,6.172180709,-9.773697738,"Compound 3, Grand Bassa"
129,Liberia,,Tubmanville Clinic,,Grand Bassa,Sorkon,6.007440406,-9.900414042,"Tubmanville Clinic, Grand Bassa"
130,Liberia,2014-08-19 00:00:00,Sue Clinic,Clinic,Grand Bassa,Sue Town,6.56151,-9.21505,"Sue Clinic, Grand Bassa"
131,Liberia,2014-08-19 00:00:00,Boeglay Town,Clinic,Grand Bassa,,6.17212,-9.74643,"Boeglay Town, Grand Bassa"
132,Liberia,2014-08-19 00:00:00,Garduor,Clinic,Grand Bassa,,6.4212,-9.45952,"Garduor, Grand Bassa"
133,Liberia,,Gleabo,,Grand Bassa,Ben Town,5.704449834,-9.829033228,"Gleabo, Grand Bassa"
134,Liberia,2014-08-19 00:00:00,Compound 4,Clinic,Grand Bassa,Benn Town,5.90964,-9.71032,"Compound 4, Grand Bassa"
135,Liberia,2014-08-19 00:00:00,Foster Town,Clinic,Grand Bassa,Foster Town,5.76089,-9.71904,"Foster Town, Grand Bassa"
136,Liberia,2014-08-19 00:00:00,Little Kola (Clinic),Clinic,Grand Bassa,Minee Town,5.70366,-9.82867,"Little Kola (Clinic), Grand Bassa"
137,Liberia,,Joe Pue Town,,Grand Bassa,Neo town,5.834688125,-9.840061155,"Joe Pue Town, Grand Bassa"
138,Liberia,,Nyombern Town,,Grand Bassa,Nezarabli,5.762484716,-9.723451162,"Nyombern Town, Grand Bassa"
139,Liberia,2014-08-19 00:00:00,New-Cess Community Clinic,Clinic,Grand Bassa,Sweegaye ??,5.82276,-9.90938,"New-Cess Community Clinic, Grand Bassa"
140,Liberia,,Palm Bay Clinic,,Grand Bassa,Trade town (2),5.824703909,-9.83266706,"Palm Bay Clinic, Grand Bassa"
141,Liberia,,Bruskin Farm Village,,Grand Bassa,Bruskin Farm Village,5.85352434,-9.940349552,"Bruskin Farm Village, Grand Bassa"
142,Liberia,2014-08-19 00:00:00,"Camphor Mission Clinic, George Z. Dean Memorial Clinic",Clinic,Grand Bassa,Dobibli,5.9171,-9.91629,"Camphor Mission Clinic, George Z. Dean Memorial Clinic, Grand Bassa"
143,Liberia,,John Wleh Town,,Grand Bassa,James wieh/Moncray,6.010976347,-9.900862568,"John Wleh Town, Grand Bassa"
144,Liberia,,Moncre Town,,Grand Bassa,Moncray,6.004643223,-9.901755646,"Moncre Town, Grand Bassa"
145,Liberia,,Fortsville Town Clinic,,Grand Bassa,,6.043880141,-10.01527788,"Fortsville Town Clinic, Grand Bassa"
146,Liberia,,SOS Children Clinic,,Grand Bassa,,6.138329856,-9.979723524,"SOS Children Clinic, Grand Bassa"
147,Liberia,2014-08-19 00:00:00,St. John Clinic,Clinic,Grand Bassa,,6.040223445,-10.01664441,"St. John Clinic, Grand Bassa"
148,Liberia,,Thelmas Zeon Memorial Clinic,,Grand Bassa,,5.869765949,-9.95840576,"Thelmas Zeon Memorial Clinic, Grand Bassa"
149,Liberia,,Bokay Town,Clinic,Grand Bassa,Bokey Town,6.211922333,-10.27175087,"Bokay Town, Grand Bassa"
150,Liberia,,Doewein Town,,Grand Bassa,Doewein,6.18932311,-10.26717827,"Doewein Town, Grand Bassa"
151,Liberia,2014-08-19 00:00:00,Owensgrove,Clinic,Grand Bassa,,6.27006,-10.32474,"Owensgrove, Grand Bassa"
152,Liberia,,Full village,,Grand Bassa,"Kehkeh, Zayo",6.050625941,-9.986765708,"Full village, Grand Bassa"
153,Liberia,,SOS clinic,,Grand Bassa,Wilmot weeks/Sawdanan,6.132938221,-9.985108662,"SOS clinic, Grand Bassa"
154,Liberia,2014-08-19 00:00:00,Fanti Town Clinic,Clinic,Grand Cape Mount,Robertsport,6.75855,-11.35556,"Fanti Town Clinic, Grand Cape Mount"
155,Liberia,2014-08-19 00:00:00,St. Timothy's Hospital,Hospital,Grand Cape Mount,Robertsport,6.75041,-11.36737,"St. Timothy's Hospital, Grand Cape Mount"
156,Liberia,2014-08-19 00:00:00,Tallah,Clinic,Grand Cape Mount,Robertsport,6.77089,-11.30343,"Tallah, Grand Cape Mount"
157,Liberia,2014-08-19 00:00:00,Sembehum  Clinic,Clinic,Grand Cape Mount,Sembehun,6.707245174,-11.33382001,"Sembehum  Clinic, Grand Cape Mount"
158,Liberia,,Bomie  Clinic,1 Public Clinic,Grand Cape Mount,,6.663718753,-11.16636183,"Bomie  Clinic, Grand Cape Mount"
159,Liberia,,Robertsport City  Clinic,1 Gov. Hospital,Grand Cape Mount,,6.750455477,-11.37019282,"Robertsport City  Clinic, Grand Cape Mount"
160,Liberia,2014-08-19 00:00:00,Karnga Clinic,Clinic,Grand Cape Mount,Kanga,6.88144,-11.06506,"Karnga Clinic, Grand Cape Mount"
161,Liberia,2014-08-19 00:00:00,Kpeneji Clinic,Clinic,Grand Cape Mount,Kpeneji,6.93003,-11.25206,"Kpeneji Clinic, Grand Cape Mount"
162,Liberia,2014-08-19 00:00:00,Madina Clinic,Clinic,Grand Cape Mount,Madina,6.7171,-11.06532,"Madina Clinic, Grand Cape Mount"
163,Liberia,,Zaway  Clinic,1 Public Clinic,Grand Cape Mount,Zaway,6.896173516,-11.13664572,"Zaway  Clinic, Grand Cape Mount"
164,Liberia,2014-08-19 00:00:00,Bendu,Clinic,Grand Cape Mount,,6.76214,-11.21191,"Bendu, Grand Cape Mount"
165,Liberia,2014-08-19 00:00:00,Bomboja,Clinic,Grand Cape Mount,,6.62219,-11.08581,"Bomboja, Grand Cape Mount"
166,Liberia,,Gargar  Clinic,1 Public Clinic,Grand Cape Mount,,6.853972355,6.853972355,"Gargar  Clinic, Grand Cape Mount"
167,Liberia,,Jundu  Clinic,1 Public Clinic,Grand Cape Mount,,6.706343509,-11.13490256,"Jundu  Clinic, Grand Cape Mount"
168,Liberia,2014-08-19 00:00:00,Sinje  Clinic,Health Center,Grand Cape Mount,,6.816628249,-11.13538684,"Sinje  Clinic, Grand Cape Mount"
169,Liberia,,Vonzula  Clinic,1 Public Clinic,Grand Cape Mount,,6.765042097,-11.14872403,"Vonzula  Clinic, Grand Cape Mount"
170,Liberia,,Gold Camp  Clinic,1 Public Clinic,Grand Cape Mount,,7.139939481,-10.78385147,"Gold Camp  Clinic, Grand Cape Mount"
171,Liberia,2014-08-19 00:00:00,Lofa Bridge  Clinic,1 Public Clinic,Grand Cape Mount,,7.070854032,-10.87771178,"Lofa Bridge  Clinic, Grand Cape Mount"
172,Liberia,2014-08-19 00:00:00,Mbaloma,Clinic,Grand Cape Mount,,6.9589,-10.99817,"Mbaloma, Grand Cape Mount"
173,Liberia,,Than  Clinic,1 Public Clinic,Grand Cape Mount,,6.982556801,-11.22298238,"Than  Clinic, Grand Cape Mount"
174,Liberia,2014-08-19 00:00:00,Than Gola-Kanneh,Clinic,Grand Cape Mount,,7.10729,-10.89788,"Than Gola-Kanneh, Grand Cape Mount"
175,Liberia,,Varguaye  Clinic,1 Public Clinic,Grand Cape Mount,,7.160028155,-10.95773157,"Varguaye  Clinic, Grand Cape Mount"
176,Liberia,2014-08-19 00:00:00,Vargue,Clinic,Grand Cape Mount,,7.15997,-10.9588,"Vargue, Grand Cape Mount"
177,Liberia,,Weajue  Clinic,1 Public Clinic,Grand Cape Mount,,7.160188361,-10.91971447,"Weajue  Clinic, Grand Cape Mount"
178,Liberia,,Wealiquah  Clinic,1 Public Clinic,Grand Cape Mount,,7.220614391,-10.73074762,"Wealiquah  Clinic, Grand Cape Mount"
179,Liberia,,Bendaja Community Clinic,Clinic,Grand Cape Mount,Baindaja,7.15797,-11.24366,"Bendaja Community Clinic, Grand Cape Mount"
180,Liberia,2014-08-19 00:00:00,Damballa,Health Center,Grand Cape Mount,Damballa,7.13732,-11.28183,"Damballa, Grand Cape Mount"
181,Liberia,2014-08-19 00:00:00,Kawelahun Clinic,Clinic,Grand Cape Mount,Kawelahun,7.40379,-11.02775,"Kawelahun Clinic, Grand Cape Mount"
182,Liberia,2014-08-19 00:00:00,Kongo Mano  Clinic,1 Public Clinic,Grand Cape Mount,Kongo Mano River,7.33067,-11.13773,"Kongo Mano  Clinic, Grand Cape Mount"
183,Liberia,,Bamballa  Clinic,1 Public Clinic,Grand Cape Mount,,7.22215,-11.17265,"Bamballa  Clinic, Grand Cape Mount"
184,Liberia,,Dasalamu  Clinic,1 Public Clinic,Grand Cape Mount,,7.232787632,-11.25496138,"Dasalamu  Clinic, Grand Cape Mount"
185,Liberia,,Vanja  Clinic,1 Public Clinic,Grand Cape Mount,,7.250316007,-10.98527962,"Vanja  Clinic, Grand Cape Mount"
186,Liberia,2014-08-19 00:00:00,Bangorma Community Clinic,Clinic,Grand Cape Mount,Bangoma,7.0818,-11.2109,"Bangorma Community Clinic, Grand Cape Mount"
187,Liberia,,Monica Cristina Coneglian,,Grand Cape Mount,Bo,7.01177,-11.37392,"Monica Cristina Coneglian, Grand Cape Mount"
188,Liberia,,Monica Valeria Rama Cardoso,Clinic?,Grand Cape Mount,Bo,7.01177,-11.37392,"Monica Valeria Rama Cardoso, Grand Cape Mount"
189,Liberia,,Bo Waterside  Clinic,1 Public Clinic,Grand Cape Mount,Bo Waterside,7.010746949,-11.37329397,"Bo Waterside  Clinic, Grand Cape Mount"
190,Liberia,,Celso Bertolini,Animal clinic,Grand Cape Mount,Bo Waterside,7.0118,-11.3739,"Celso Bertolini, Grand Cape Mount"
191,Liberia,,Magali Manhane,Clinic (?),Grand Cape Mount,Bo Waterside,7.0118,-11.3739,"Magali Manhane, Grand Cape Mount"
192,Liberia,,Miriam Midori Arita,GP? - TBC,Grand Cape Mount,Bo Waterside,7.0118,-11.3739,"Miriam Midori Arita, Grand Cape Mount"
193,Liberia,2014-08-19 00:00:00,Diah Community Clinic,Clinic,Grand Cape Mount,Diah,6.87795,-11.34901,"Diah Community Clinic, Grand Cape Mount"
194,Liberia,2014-08-19 00:00:00,Fahn Jah,Clinic,Grand Cape Mount,Fahnja,7.0162,-11.2623,"Fahn Jah, Grand Cape Mount"
195,Liberia,2014-08-19 00:00:00,Gonelor Community Clinic,Clinic,Grand Cape Mount,Gonelor,7.03927,-11.2579,"Gonelor Community Clinic, Grand Cape Mount"
196,Liberia,2014-08-19 00:00:00,Kulango  Clinic,Clinic,Grand Cape Mount,Kulangor-gissila,6.922100456,-11.3873195,"Kulango  Clinic, Grand Cape Mount"
197,Liberia,2014-08-19 00:00:00,Tahn-Mafa,Clinic,Grand Cape Mount,Tahn Mafa Village,6.98058,-11.22544,"Tahn-Mafa, Grand Cape Mount"
198,Liberia,,Alessandra Montemor,,Grand Cape Mount,Tienie,6.96751,-11.31279,"Alessandra Montemor, Grand Cape Mount"
199,Liberia,,Anaximandro Ricardo Mouro,,Grand Cape Mount,Tienie,6.96751,-11.31279,"Anaximandro Ricardo Mouro, Grand Cape Mount"
200,Liberia,,Antonio Bento Toledo De Moraes Jr,,Grand Cape Mount,Tienie,6.96751,-11.31279,"Antonio Bento Toledo De Moraes Jr, Grand Cape Mount"
201,Liberia,,Antonio Fern Dant Amaral Campos,,Grand Cape Mount,Tienie,6.96751,-11.31279,"Antonio Fern Dant Amaral Campos, Grand Cape Mount"
202,Liberia,,Diogenes De Jesus Puentes Betancourt,GP? TBC,Grand Cape Mount,Tienie,6.96751,-11.31279,"Diogenes De Jesus Puentes Betancourt, Grand Cape Mount"
203,Liberia,,Eduardo Saliba,Clinic,Grand Cape Mount,Tienie,6.96751,-11.31279,"Eduardo Saliba, Grand Cape Mount"
204,Liberia,,Flavio Mistretta Raghi De Almeida,GP? TBC,Grand Cape Mount,Tienie,6.96751,-11.31279,"Flavio Mistretta Raghi De Almeida, Grand Cape Mount"
205,Liberia,,Joao Carlos Dantas Amaral Campos,Dentist? TBC,Grand Cape Mount,Tienie,6.96751,-11.31279,"Joao Carlos Dantas Amaral Campos, Grand Cape Mount"
206,Liberia,,Jose Moacir Angeli,GP? TBC,Grand Cape Mount,Tienie,6.96751,-11.31279,"Jose Moacir Angeli, Grand Cape Mount"
207,Liberia,,Jose Rubens MacRuz Perreira Da Silva,GP? TBC,Grand Cape Mount,Tienie,6.96751,-11.31279,"Jose Rubens MacRuz Perreira Da Silva, Grand Cape Mount"
208,Liberia,,Luis Poggi Filho,GP? TBC,Grand Cape Mount,Tienie,6.96751,-11.31279,"Luis Poggi Filho, Grand Cape Mount"
209,Liberia,,Paula Vidotto,Clinic?,Grand Cape Mount,Tienie,6.96751,-11.31279,"Paula Vidotto, Grand Cape Mount"
210,Liberia,,Ricardo Paludeto Bellaz,,Grand Cape Mount,Tienie,6.96751,-11.31279,"Ricardo Paludeto Bellaz, Grand Cape Mount"
211,Liberia,,Roberto De Toledo Pasquali,,Grand Cape Mount,Tienie,6.96751,-11.31279,"Roberto De Toledo Pasquali, Grand Cape Mount"
212,Liberia,,Vania Egle Montebello,GP? TBC,Grand Cape Mount,Tienie,6.96751,-11.31279,"Vania Egle Montebello, Grand Cape Mount"
213,Liberia,2014-08-19 00:00:00,Zaway,Clinic,Grand Cape Mount,Verney-Ja,6.8949,-11.38885,"Zaway, Grand Cape Mount"
214,Liberia,2014-08-19 00:00:00,Gondama Clinic,Clinic,Grand Cape Mount,,7.0587,-11.35587,"Gondama Clinic, Grand Cape Mount"
215,Liberia,2014-08-19 00:00:00,Jene-Wonde,Clinic,Grand Cape Mount,,7.07625,-11.26916,"Jene-Wonde, Grand Cape Mount"
216,Liberia,2014-08-19 00:00:00,Mambo  Clinic,1 Public Clinic,Grand Cape Mount,,6.997571323,-11.29633295,"Mambo  Clinic, Grand Cape Mount"
217,Liberia,,Tiene  Clinic,1 Public Clinic,Grand Cape Mount,,6.967668753,-11.31156528,"Tiene  Clinic, Grand Cape Mount"
218,Liberia,,Toe Town Clinic,Clinic,Grand Gedeh,Toe Town,6.4050396,-8.556906281,"Toe Town Clinic, Grand Gedeh"
219,Liberia,,Bargblor Town Clinic,Clinic,Grand Gedeh,"Bargblor Town, Gborbo Clan",6.17891,-8.30204,"Bargblor Town Clinic, Grand Gedeh"
220,Liberia,,Beh Town,Clinic,Grand Gedeh,Beh (Gozo),6.178194365,-8.031979413,"Beh Town, Grand Gedeh"
221,Liberia,,Janzon Clinic,Clinic,Grand Gedeh,Jazohn,6.223448709,-8.048166037,"Janzon Clinic, Grand Gedeh"
222,Liberia,2014-08-19 00:00:00,Zai,Clinic,Grand Gedeh,Zai,6.19343,-8.29393,"Zai, Grand Gedeh"
223,Liberia,2014-08-19 00:00:00,Zleh Town,Health Center,Grand Gedeh,Zleh Town,6.22689,-8.44005,"Zleh Town, Grand Gedeh"
224,Liberia,,Borleken Clinic,,Grand Gedeh,,5.477048223,-8.715719569,"Borleken Clinic, Grand Gedeh"
225,Liberia,2014-08-19 00:00:00,Gbarzon Polar,Clinic,Grand Gedeh,,6.16245,-8.56683,"Gbarzon Polar, Grand Gedeh"
226,Liberia,,Tuzon Clinic,,Grand Gedeh,,6.169500692,-8.249804855,"Tuzon Clinic, Grand Gedeh"
227,Liberia,,Gbarzon Jarwodee Clinic,Clinic,Grand Gedeh,Jarwodee,6.11346,-8.59979,"Gbarzon Jarwodee Clinic, Grand Gedeh"
228,Liberia,,Polar Town Clinic,Clinic,Grand Gedeh,Polar Town,6.161709414,-8.56434275,"Polar Town Clinic, Grand Gedeh"
229,Liberia,,Gbar Zon (ZleH) Health Center,,Grand Gedeh,,6.26467473,-8.488411879,"Gbar Zon (ZleH) Health Center, Grand Gedeh"
230,Liberia,2014-08-19 00:00:00,Ziah Town,Health Center,Grand Gedeh,Fargo,5.76421,-7.85496,"Ziah Town, Grand Gedeh"
231,Liberia,2014-08-19 00:00:00,Putu Pennoken,Clinic,Grand Gedeh,Pennoken,5.60069,-8.15372,"Putu Pennoken, Grand Gedeh"
232,Liberia,,Boundary Clinic,,Grand Gedeh,,5.879643572,-7.995474702,"Boundary Clinic, Grand Gedeh"
233,Liberia,2014-09-17 00:00:00,,,Grand Gedeh,Grand Gedeh,5.8161533,-8.0995537,
234,Liberia,2014-08-19 00:00:00,Putu Jarwodee Clinic,,Grand Gedeh,Jarwodee,5.61499,-8.32108,"Putu Jarwodee Clinic, Grand Gedeh"
235,Liberia,,Karlowkeh Clinic,,Grand Gedeh,Karlowieh,5.753266077,-8.151028204,"Karlowkeh Clinic, Grand Gedeh"
236,Liberia,,Pennoken Clinic,Clinic,Grand Gedeh,Pennoken,5.590408605,-8.124181067,"Pennoken Clinic, Grand Gedeh"
237,Liberia,2014-08-19 00:00:00,Gboloken,Clinic,Grand Gedeh,Gbloken,6.10795,-8.19154,"Gboloken, Grand Gedeh"
238,Liberia,2014-08-19 00:00:00,MTM (Martha Tubman Memorial Hospital),Hospital,Grand Gedeh,Zwedru,6.07795,-8.12434,"MTM (Martha Tubman Memorial Hospital), Grand Gedeh"
239,Liberia,2014-08-19 00:00:00,Putu Karlorwleh,Clinic,Grand Gedeh,Zwedru,6.06229,-8.13886,"Putu Karlorwleh, Grand Gedeh"
240,Liberia,2014-08-19 00:00:00,Gorbowrogba,Clinic,Grand Gedeh,,6.06245,-8.13917,"Gorbowrogba, Grand Gedeh"
241,Liberia,2014-08-19 00:00:00,Toffoi Town,Clinic,Grand Gedeh,,5.96996,-8.0867,"Toffoi Town, Grand Gedeh"
242,Liberia,,Christ the king Clinic (Private),,Grand Gedeh,Zwedru,6.066202198,-8.12976841,"Christ the king Clinic (Private), Grand Gedeh"
243,Liberia,,Galapo Health Service (Private),,Grand Gedeh,,6.066202198,-8.12976841,"Galapo Health Service (Private), Grand Gedeh"
244,Liberia,,Gorbowraba Clinic,,Grand Gedeh,,5.784270332,-8.338840494,"Gorbowraba Clinic, Grand Gedeh"
245,Liberia,2014-08-19 00:00:00,Kumah Town Clinic,Clinic,Grand Gedeh,,5.938833717,-8.245605935,"Kumah Town Clinic, Grand Gedeh"
246,Liberia,,Martha Tubman Memorial Hospital,,Grand Gedeh,,6.066202198,-8.12976841,"Martha Tubman Memorial Hospital, Grand Gedeh"
247,Liberia,,PTP Refugee Clinic,,Grand Gedeh,,6.030810118,-8.060253054,"PTP Refugee Clinic, Grand Gedeh"
248,Liberia,2014-08-19 00:00:00,Picnicess,Clinic,Grand Kru,Bailakpo,4.6275,-8.3125,"Picnicess, Grand Kru"
249,Liberia,,Barclayville Central High School,ETC,Grand Kru,Barclayville,4.67252,-8.23304,"Barclayville Central High School, Grand Kru"
250,Liberia,2014-08-19 00:00:00,Barclayville Health Center,Health Center,Grand Kru,Barclayville,4.67252,-8.23304,"Barclayville Health Center, Grand Kru"
251,Liberia,2014-08-19 00:00:00,Filoken Clinic,Clinic,Grand Kru,Filorken,4.71047,-8.15854,"Filoken Clinic, Grand Kru"
252,Liberia,,Gballah Clinic,,Grand Kru,Gballakpo,4.7039,-8.1573,"Gballah Clinic, Grand Kru"
253,Liberia,,Grand Cess City Clinic,Clinic,Grand Kru,Grand Cess City,4.569279662,-8.222912635,"Grand Cess City Clinic, Grand Kru"
254,Liberia,2014-08-19 00:00:00,Gbanken,Clinic,Grand Kru,,4.68207,-8.11234,"Gbanken, Grand Kru"
255,Liberia,,Gee Tubaken Clinic,,Grand Kru,,4.950943058,-8.163858918,"Gee Tubaken Clinic, Grand Kru"
256,Liberia,,Grand Cess Clinic,Clinic,Grand Kru,,4.610844192,-8.181399308,"Grand Cess Clinic, Grand Kru"
257,Liberia,,Henriesville City Clinic,,Grand Kru,,4.7086,-7.257292025,"Henriesville City Clinic, Grand Kru"
258,Liberia,,Bleebo Clinic,,Grand Kru,,4.701,-7.952253328,"Bleebo Clinic, Grand Kru"
259,Liberia,2014-08-19 00:00:00,Gblebo Health,Clinic,Grand Kru,,4.73258,-7.95566,"Gblebo Health, Grand Kru"
260,Liberia,2014-08-19 00:00:00,Buah HC,Health Center,Grand Kru,,4.9543,-8.16149,"Buah HC, Grand Kru"
261,Liberia,,Dweken Clinic,,Grand Kru,,5.054203117,-8.280095747,"Dweken Clinic, Grand Kru"
262,Liberia,2014-08-19 00:00:00,Nyankupo,Clinic,Grand Kru,,4.88531,-8.38198,"Nyankupo, Grand Kru"
263,Liberia,2014-08-19 00:00:00,Sass Town Health Center,Health Center,Grand Kru,Jekwikpo,4.67399,-8.4261,"Sass Town Health Center, Grand Kru"
264,Liberia,2014-08-19 00:00:00,Genoyah,Clinic,Grand Kru,Trehn,4.58895,-7.9242,"Genoyah, Grand Kru"
265,Liberia,2014-08-19 00:00:00,Willsonville,Clinic,Grand Kru,,4.50082,-7.8635,"Willsonville, Grand Kru"
266,Liberia,2014-08-19 00:00:00,Rally Time Hospital,Hospital,Grand Kru,Rally Time,4.57507,-8.22184,"Rally Time Hospital, Grand Kru"
267,Liberia,2014-08-20 00:00:00,Behwan City Clinic,Health Center,Grand Kru,Bewehn,4.637913464,-7.869817893,"Behwan City Clinic, Grand Kru"
268,Liberia,2014-08-19 00:00:00,Juduken,Clinic,Grand Kru,Juduken,4.599644,-8.048344,"Juduken, Grand Kru"
269,Liberia,2014-08-19 00:00:00,Newaken Clinic,Clinic,Grand Kru,Newaken,4.694639133,-7.936078693,"Newaken Clinic, Grand Kru"
270,Liberia,2014-08-19 00:00:00,Niful,Clinic,Grand Kru,,4.74719,-8.54097,"Niful, Grand Kru"
271,Liberia,2014-09-17 00:00:00,Borma Hospital,,Lofa,Foya,8.2680793,-10.3047612,"Borma Hospital, Lofa"
272,Liberia,2014-10-06 00:00:00,Foya Case Management Centre,ETU,Lofa,Foya,8.378911,-10.205757,"Foya Case Management Centre, Lofa"
273,Liberia,,Foya Borma Hospital,,Lofa,Foya City,8.354897528,-10.20077678,"Foya Borma Hospital, Lofa"
274,Liberia,2014-08-19 00:00:00,Foya Community Clinic,Clinic,Lofa,Foya City,8.36317,-10.21287,"Foya Community Clinic, Lofa"
275,Liberia,2014-08-19 00:00:00,Foya Kamara Health Center,Hospital,Lofa,Foya City,8.35486,-10.20047,"Foya Kamara Health Center, Lofa"
276,Liberia,2014-08-19 00:00:00,Foya Tengia Clinic,Clinic,Lofa,Foya Tengia,8.27731,-10.27498,"Foya Tengia Clinic, Lofa"
277,Liberia,2014-08-20 00:00:00,Lengbamgba Clinic,Clinic,Lofa,Lengbamgba Town,8.216927267,-10.26646849,"Lengbamgba Clinic, Lofa"
278,Liberia,2014-08-21 00:00:00,Porluma Health Post,Clinic,Lofa,Porluma,8.43632,-10.10746,"Porluma Health Post, Lofa"
279,Liberia,2014-08-22 00:00:00,Shello Clinic,Clinic,Lofa,Shelloe,8.38375,-10.20536,"Shello Clinic, Lofa"
280,Liberia,2014-08-23 00:00:00,Solomba Clinic,Clinic,Lofa,Solomba Town,8.50664847,-10.15839509,"Solomba Clinic, Lofa"
281,Liberia,2014-08-24 00:00:00,Worsonga Clinic,,Lofa,Worsonga Town,8.361589289,-10.27601197,"Worsonga Clinic, Lofa"
282,Liberia,2014-08-25 00:00:00,Yegbedu Clinic,,Lofa,Yegbedu Town,8.235154349,-10.22113792,"Yegbedu Clinic, Lofa"
283,Liberia,2014-08-26 00:00:00,Isaac Kpema,Clinic,Lofa,,8.36056,-10.20963,"Isaac Kpema, Lofa"
284,Liberia,2014-08-27 00:00:00,Lamgbamba,Clinic,Lofa,,8.2159,-12.27502,"Lamgbamba, Lofa"
285,Liberia,2014-08-28 00:00:00,Sorlumba,Clinic,Lofa,,8.29593,-10.16076,"Sorlumba, Lofa"
286,Liberia,2014-08-29 00:00:00,Warsonga,Clinic,Lofa,,8.36124,-10.28349,"Warsonga, Lofa"
287,Liberia,2014-08-30 00:00:00,Yekpedu,Clinic,Lofa,,8.23392,-10.22478,"Yekpedu, Lofa"
288,Liberia,2014-08-31 00:00:00,Balahun Clinic,,Lofa,Balahun Town,8.332446272,-10.06648366,"Balahun Clinic, Lofa"
289,Liberia,2014-09-01 00:00:00,Bolahun Health Center,Health Center,Lofa,Bolahun,8.2284,-10.16216,"Bolahun Health Center, Lofa"
290,Liberia,2014-09-02 00:00:00,Fagonda Clinic,,Lofa,Fagonda Town,8.221351048,-10.17353848,"Fagonda Clinic, Lofa"
291,Liberia,2014-09-03 00:00:00,Fangonda Public,Clinic,Lofa,Fangonda,8.22146,-10.17351,"Fangonda Public, Lofa"
292,Liberia,2014-09-04 00:00:00,Fassawolu Health Clinic,Clinic,Lofa,Fassawolo,8.38976,-10.06642,"Fassawolu Health Clinic, Lofa"
293,Liberia,2014-09-05 00:00:00,Gondolahun,Clinic,Lofa,Gordorlah,7.96539,-10.05559,"Gondolahun, Lofa"
294,Liberia,2014-09-06 00:00:00,Kamatahun Clinic,Clinic,Lofa,Kamatahun-Tahamba,8.13651,-10.29624,"Kamatahun Clinic, Lofa"
295,Liberia,2014-09-07 00:00:00,Kolahun Hospital,Hospital,Lofa,Kolbah City,8.294821623,-10.08399637,"Kolahun Hospital, Lofa"
296,Liberia,2014-09-08 00:00:00,Korworhun Clinic,Clinic,Lofa,Korworhun,8.3167,-10.1513,"Korworhun Clinic, Lofa"
297,Liberia,2014-09-09 00:00:00,Lukasu Public,Health Center,Lofa,Lukasu,8.04735,-10.24189,"Lukasu Public, Lofa"
298,Liberia,2014-09-10 00:00:00,Mbolahun Hospital,,Lofa,Mbolahun Town,8.228402294,-10.1620486,"Mbolahun Hospital, Lofa"
299,Liberia,2014-09-11 00:00:00,Nyademoilahun Clinic,Clinic,Lofa,Nyademoilahun Town,8.442188015,-9.960228345,"Nyademoilahun Clinic, Lofa"
300,Liberia,2014-09-12 00:00:00,Popalahun Health Clinic,Clinic,Lofa,Popalahun,8.1758,-10.23397,"Popalahun Health Clinic, Lofa"
301,Liberia,2014-09-13 00:00:00,Emergency Surgical Hospital,Hosp,Lofa,Voinjama,8.4228,-9.7532,"Emergency Surgical Hospital, Lofa"
302,Liberia,2014-09-14 00:00:00,Faith,Clinic,Lofa,,8.3331,-10.06643,"Faith, Lofa"
303,Liberia,2014-09-15 00:00:00,Kaintahun,Clinic,Lofa,,8.1622,-10.21599,"Kaintahun, Lofa"
304,Liberia,2014-09-16 00:00:00,Barkedu Clinic,Clinic,Lofa,Barkedu Town,8.299829797,-9.631133559,"Barkedu Clinic, Lofa"
305,Liberia,2014-09-17 00:00:00,Sakonedu  Clinic,,Lofa,Sakonedu Town,8.462576391,-9.667733815,"Sakonedu  Clinic, Lofa"
306,Liberia,2014-09-18 00:00:00,Ganglota Clinic,Clinic,Lofa,Ganglota,7.4228,-9.4934,"Ganglota Clinic, Lofa"
307,Liberia,2014-09-19 00:00:00,Gbanway Clinic,Clinic,Lofa,Gbanway,7.68782425,-9.426360045,"Gbanway Clinic, Lofa"
308,Liberia,2014-09-20 00:00:00,Gbonyea Community,Clinic,Lofa,Gbonyea,7.50718,-9.5494,"Gbonyea Community, Lofa"
309,Liberia,2014-09-21 00:00:00,Gonglota Clinic,Clinic,Lofa,Gonglota,7.4205,-9.4916,"Gonglota Clinic, Lofa"
310,Liberia,2014-09-22 00:00:00,Gorlu Clinic,Clinic,Lofa,Gorlu,7.519885789,-9.479036957,"Gorlu Clinic, Lofa"
311,Liberia,2014-09-23 00:00:00,Kpaiyea Clinic,Clinic,Lofa,Kpaiyea,7.71587,-9.38587,"Kpaiyea Clinic, Lofa"
312,Liberia,2014-09-24 00:00:00,Salayea Clinic,Clinic,Lofa,Salayea,7.619280818,-9.491748347,"Salayea Clinic, Lofa"
313,Liberia,2014-09-25 00:00:00,Sucromu Clinic,Clinic,Lofa,Sucromu,7.722006182,-9.436097198,"Sucromu Clinic, Lofa"
314,Liberia,2014-09-26 00:00:00,Biggs Clinic,,Lofa,,7.506682026,-9.553796835,"Biggs Clinic, Lofa"
315,Liberia,2014-09-27 00:00:00,Telemai Clinic,,Lofa,,7.681383801,-9.444306919,"Telemai Clinic, Lofa"
316,Liberia,2014-09-28 00:00:00,Tinsui Clinic,,Lofa,,7.588099092,-9.546648264,"Tinsui Clinic, Lofa"
317,Liberia,2014-09-29 00:00:00,Yarpauh Clinic,,Lofa,,7.364441212,-9.753126908,"Yarpauh Clinic, Lofa"
318,Liberia,2014-09-30 00:00:00,Yarpua,Clinic,Lofa,,7.65506,-9.42256,"Yarpua, Lofa"
319,Liberia,2014-10-01 00:00:00,Yarpuah Clinic,,Lofa,,7.655083319,-9.422700733,"Yarpuah Clinic, Lofa"
320,Liberia,2014-10-02 00:00:00,Memolahun Clinic,,Lofa,Memolahun Town,8.071601333,-10.45655713,"Memolahun Clinic, Lofa"
321,Liberia,2014-10-03 00:00:00,Vahun Clinic,Health Center,Lofa,Vahun,8.0624,-10.49961,"Vahun Clinic, Lofa"
322,Liberia,2014-10-04 00:00:00,Balakpalasu Clinic,Clinic,Lofa,Ballakpalazu,8.16851,-9.69254,"Balakpalasu Clinic, Lofa"
323,Liberia,2014-10-05 00:00:00,Bassagizia Clinic,Clinic,Lofa,Bassagizia Town,8.35826,-9.83682,"Bassagizia Clinic, Lofa"
324,Liberia,2014-10-06 00:00:00,Bondi Clinic,,Lofa,David Selma-ta,8.269576575,-9.760001693,"Bondi Clinic, Lofa"
325,Liberia,2014-10-07 00:00:00,Duogomai Clinic,Clinic,Lofa,John’s Town (John-Ta),8.195995732,-9.72692596,"Duogomai Clinic, Lofa"
326,Liberia,2014-10-08 00:00:00,Kpotomai,Clinic,Lofa,Kpademai (1),8.22052,-9.94247,"Kpotomai, Lofa"
327,Liberia,2014-10-09 00:00:00,Kpademai Clinic,Clinic,Lofa,Kpademai Town,8.21211,-9.90852,"Kpademai Clinic, Lofa"
328,Liberia,2014-10-10 00:00:00,Lawalazu Clinic,Clinic,Lofa,Lawalazu Town,8.449180523,-9.841686294,"Lawalazu Clinic, Lofa"
329,Liberia,2014-10-11 00:00:00,Sarkonedu Clinic,Clinic,Lofa,Sakonedu,8.4617,-9.67331,"Sarkonedu Clinic, Lofa"
330,Liberia,2014-10-12 00:00:00,Tubugissizu Clinic,,Lofa,Tubugissizu Town,8.462059317,-9.922089138,"Tubugissizu Clinic, Lofa"
331,Liberia,2014-10-13 00:00:00,Vezala Clinic,,Lofa,Vezala Town,8.371680057,-9.894629952,"Vezala Clinic, Lofa"
332,Liberia,2014-10-14 00:00:00,Pentecostal Clinic,8 beds,Lofa,Voinjama City,8.418341878,-9.755738599,"Pentecostal Clinic, Lofa"
333,Liberia,2014-10-15 00:00:00,Tellewoyan OPD,Clinic,Lofa,Voinjama City,8.42427,-9.74973,"Tellewoyan OPD, Lofa"
334,Liberia,2014-10-16 00:00:00,Telewowan Hospital,Hospital,Lofa,Vonjama,8.42277,-9.7532264,"Telewowan Hospital, Lofa"
335,Liberia,2014-10-17 00:00:00,Zinalormai,Clinic,Lofa,Zinalomai,8.32976,-9.83677,"Zinalormai, Lofa"
336,Liberia,2014-10-18 00:00:00,Bondi Selma,Clinic,Lofa,,8.26965,-9.76003,"Bondi Selma, Lofa"
337,Liberia,2014-10-19 00:00:00,Dougomai,Clinic,Lofa,,8.19602,-9.7269,"Dougomai, Lofa"
338,Liberia,2014-10-20 00:00:00,Kpakamai,Clinic,Lofa,,8.29686,-9.87667,"Kpakamai, Lofa"
339,Liberia,2014-10-21 00:00:00,Vezala,Clinic,Lofa,,8.37042,-9.9025,"Vezala, Lofa"
340,Liberia,2014-10-22 00:00:00,Voinjama Free Pentacostal Mission,Clinic,Lofa,,8.41848,-9.75601,"Voinjama Free Pentacostal Mission, Lofa"
341,Liberia,2014-10-23 00:00:00,Balagwalazu Clinic,Clinic,Lofa,Balagwalazu,7.79918,-9.7141,"Balagwalazu Clinic, Lofa"
342,Liberia,2014-10-24 00:00:00,Barziwen Clinic,Clinic,Lofa,Barziwen Village,8.153284798,-9.647794698,"Barziwen Clinic, Lofa"
343,Liberia,2014-10-25 00:00:00,Borkeza,Clinic,Lofa,Bohkessah,7.90739,-9.45876,"Borkeza, Lofa"
344,Liberia,2014-10-26 00:00:00,Bokeza Clinic,,Lofa,Bokeza Town,7.907294806,-9.458579851,"Bokeza Clinic, Lofa"
345,Liberia,2014-10-27 00:00:00,Fissebu Clinic,Clinic,Lofa,Fissebu Town,7.823823348,-9.467857829,"Fissebu Clinic, Lofa"
346,Liberia,2014-10-28 00:00:00,Konia Health Center,Health Center,Lofa,Konia Town,7.962486046,-9.543603523,"Konia Health Center, Lofa"
347,Liberia,2014-10-29 00:00:00,Kpassagizia Clinic,,Lofa,Kpassagizia Town,8.019712743,-9.412905108,"Kpassagizia Clinic, Lofa"
348,Liberia,2014-10-30 00:00:00,Luyeama Clinic,Clinic,Lofa,Luyeama Town,8.069150614,-9.635026981,"Luyeama Clinic, Lofa"
349,Liberia,2014-10-31 00:00:00,Zolowo,Clinic,Lofa,Zolowo,7.65288,-9.58821,"Zolowo, Lofa"
350,Liberia,2014-11-01 00:00:00,Curran Lutheran Hospital,Hospital,Lofa,,7.7751,-9.43259,"Curran Lutheran Hospital, Lofa"
351,Liberia,2014-11-02 00:00:00,Fissebu,Clinic,Lofa,,7.82364,-9.46822,"Fissebu, Lofa"
352,Liberia,2014-11-03 00:00:00,Yeala,Clinic,Lofa,,7.82252,-9.4016,"Yeala, Lofa"
353,Liberia,2014-11-04 00:00:00,Farmington - Division 28,Clinic,Margibi,Division 28,6.4364,-10.3065,"Farmington - Division 28, Margibi"
354,Liberia,2014-11-05 00:00:00,Duside Hospital (Firestone Medical Center),,Margibi,,6.321805447,-10.44556315,"Duside Hospital (Firestone Medical Center), Margibi"
355,Liberia,2014-11-06 00:00:00,"Duside Hospital,",,Margibi,,6.35,-10.46667,"Duside Hospital,, Margibi"
356,Liberia,2014-11-07 00:00:00,Peter's Town,Clinic,Margibi,Peter Town,6.60106,-10.08654,"Peter's Town, Margibi"
357,Liberia,2014-11-08 00:00:00,Wohm,Clinic,Margibi,,6.59716,-10.01847,"Wohm, Margibi"
358,Liberia,2014-11-09 00:00:00,Tucker's Town,Clinic,Margibi,Bennie N.,6.63139,-10.2466,"Tucker's Town, Margibi"
359,Liberia,2014-11-10 00:00:00,C.H. Rennie Hospital,Hospital,Margibi,Kakata,6.520118926,-10.35027521,"C.H. Rennie Hospital, Margibi"
360,Liberia,2014-11-11 00:00:00,City Clinic,Clinic,Margibi,Kakata,6.53067,-10.3522,"City Clinic, Margibi"
361,Liberia,2014-11-12 00:00:00,Dr Barcolleh,Health Center,Margibi,Kakata,6.53035,-10.8559,"Dr Barcolleh, Margibi"
362,Liberia,2014-11-13 00:00:00,Fam Plan Assoc Lib,Clinic,Margibi,Kakata,6.5285,-10.35099,"Fam Plan Assoc Lib, Margibi"
363,Liberia,2014-11-14 00:00:00,Gbaye Town,Clinic,Margibi,Kakata,6.63584,-10.29034,"Gbaye Town, Margibi"
364,Liberia,2014-11-15 00:00:00,Kakata Health Center,Health Center,Margibi,Kakata,6.54767,-10.033485,"Kakata Health Center, Margibi"
365,Liberia,2014-11-16 00:00:00,Modern Medical Center,,Margibi,Kakata,6.5367,-10.35414,"Modern Medical Center, Margibi"
366,Liberia,2014-11-17 00:00:00,Lakayta Town,Clinic,Margibi,Laketa,6.67187,-10.35323,"Lakayta Town, Margibi"
367,Liberia,2014-11-18 00:00:00,Kendei,Clinic,Margibi,,6.68723,-10.21073,"Kendei, Margibi"
368,Liberia,2014-11-19 00:00:00,M/S Community,Clinic,Margibi,,6.63133,-10.63138,"M/S Community, Margibi"
369,Liberia,2014-11-20 00:00:00,Samuel Cooper,Clinic,Margibi,,6.57688,-10.31234,"Samuel Cooper, Margibi"
370,Liberia,2014-11-21 00:00:00,SRC Factory,Health Center,Margibi,,6.65451,-10.12845,"SRC Factory, Margibi"
371,Liberia,2014-11-22 00:00:00,Velleta,Clinic,Margibi,,6.66425,-10.33431,"Velleta, Margibi"
372,Liberia,2014-11-23 00:00:00,Weala Community,Clinic,Margibi,,6.69155,-10.20551,"Weala Community, Margibi"
373,Liberia,2014-11-24 00:00:00,Wolola,Clinic,Margibi,,6.5229,-10.27964,"Wolola, Margibi"
374,Liberia,2014-11-25 00:00:00,Yarnwullie,Clinic,Margibi,,6.5639,-10.19644,"Yarnwullie, Margibi"
375,Liberia,2014-11-26 00:00:00,Yeamai,Clinic,Margibi,,6.74733,-10.23526,"Yeamai, Margibi"
376,Liberia,2014-11-27 00:00:00,,,Margibi,,6.5267,-10.3412,
377,Liberia,2014-11-28 00:00:00,Kenedeja Clinic,Clinic,Margibi,Duazon Old Town,6.23435,-10.67816,"Kenedeja Clinic, Margibi"
378,Liberia,2014-11-29 00:00:00,Faith Clinic,Clinic,Margibi,Gbolah,6.24199,-10.47417,"Faith Clinic, Margibi"
379,Liberia,2014-11-30 00:00:00,Shirley Germychev Clinic,Clinic,Margibi,Jeblum,6.24003,-10.6898,"Shirley Germychev Clinic, Margibi"
380,Liberia,2014-12-01 00:00:00,Charlesville Clinic,Clinic,Margibi,Charlesville,6.19674,-10.38061,"Charlesville Clinic, Margibi"
381,Liberia,2014-12-02 00:00:00,Dolo's Town,Clinic,Margibi,Dolo Town,6.25173,-10.35654,"Dolo's Town, Margibi"
382,Liberia,2014-12-03 00:00:00,Harbel,Health Center,Margibi,Harbel,6.23112,-10.32405,"Harbel, Margibi"
383,Liberia,2014-12-04 00:00:00,Marshall,Health Center,Margibi,Marshall,6.21314,-10.42314,"Marshall, Margibi"
384,Liberia,2014-12-05 00:00:00,Schifflin,Clinic,Margibi,Schefflin,6.22618,-10.53418,"Schifflin, Margibi"
385,Liberia,2014-12-06 00:00:00,Unification Town,Health Center,Margibi,Unificati,6.24605,-10.35304,"Unification Town, Margibi"
386,Liberia,2014-12-07 00:00:00,Zeeworth,Clinic,Margibi,Zoewenh,6.3534,-10.5551,"Zeeworth, Margibi"
387,Liberia,2014-12-08 00:00:00,Division 28,Clinic,Margibi,,6.42156,-10.31899,"Division 28, Margibi"
388,Liberia,2014-12-09 00:00:00,Du-Side,Hospital,Margibi,,6.35332,-10.46938,"Du-Side, Margibi"
389,Liberia,2014-12-10 00:00:00,Edward Banyan Kesselly Military Barracks,Clinic,Margibi,,6.21091,-10.5689,"Edward Banyan Kesselly Military Barracks, Margibi"
390,Liberia,2014-12-11 00:00:00,Liberian Health Care Center,Health Center,Margibi,,6.21924,-10.592,"Liberian Health Care Center, Margibi"
391,Liberia,2014-12-12 00:00:00,Pioneer,Clinic,Margibi,,6.26242,-10.35916,"Pioneer, Margibi"
392,Liberia,2014-12-13 00:00:00,Sarco Clinic,Clinic,Margibi,,6.24332,-10.34709,"Sarco Clinic, Margibi"
393,Liberia,2014-12-14 00:00:00,Glofaken Clinic,Clinic,Maryland,,4.949644493,-7.895098251,"Glofaken Clinic, Maryland"
394,Liberia,2014-12-15 00:00:00,Cavalla New Town Clinic,Clinic,Maryland,Cavalla,4.36374,-7.58868,"Cavalla New Town Clinic, Maryland"
395,Liberia,2014-12-16 00:00:00,Fish Town Clinic,Clinic,Maryland,Fish Town,4.42428022,-7.818062556,"Fish Town Clinic, Maryland"
396,Liberia,2014-12-17 00:00:00,J.J. Dossen Memorial Hospital,Hosp,Maryland,Harper,4.377611621,-7.710367249,"J.J. Dossen Memorial Hospital, Maryland"
397,Liberia,2014-12-18 00:00:00,Rock Town Clinic,Clinic,Maryland,Harper,4.39952584,-7.779714164,"Rock Town Clinic, Maryland"
398,Liberia,2014-12-19 00:00:00,Sacred Heart,Clinic,Maryland,Harper,4.37978,-7.7084,"Sacred Heart, Maryland"
399,Liberia,2014-12-20 00:00:00,Pullah Community Clinic,Clinic,Maryland,Pullah,4.390177886,-7.606724294,"Pullah Community Clinic, Maryland"
400,Liberia,2014-12-21 00:00:00,Yookudi,Clinic,Maryland,Yookudi,4.4452,-7.60098,"Yookudi, Maryland"
401,Liberia,2014-12-22 00:00:00,Bassa Community Clinic,,Maryland,,4.377619224,-7.714782431,"Bassa Community Clinic, Maryland"
402,Liberia,2014-12-23 00:00:00,Doukudi Clinic,,Maryland,,4.437993226,-7.545361512,"Doukudi Clinic, Maryland"
403,Liberia,2014-12-24 00:00:00,LWRC Clinic,,Maryland,,4.449485904,-7.74564045,"LWRC Clinic, Maryland"
404,Liberia,2014-12-25 00:00:00,Thomson Street Community Clinic,,Maryland,,4.374998022,-7.715778065,"Thomson Street Community Clinic, Maryland"
405,Liberia,2014-12-26 00:00:00,Pougbaken Clinic,Clinic,Maryland,Keezu,4.7556,-7.759,"Pougbaken Clinic, Maryland"
406,Liberia,2014-12-27 00:00:00,Boniken Clinic,Clinic,Maryland,Boniken,4.641476015,-7.681508322,"Boniken Clinic, Maryland"
407,Liberia,2014-12-28 00:00:00,Manolu 1 Clinic,Clinic,Maryland,Manolu,4.719508768,-7.719224463,"Manolu 1 Clinic, Maryland"
408,Liberia,2014-12-29 00:00:00,Manolu 2 Clinic,Clinic,Maryland,Manolu,4.71779282,-7.720579837,"Manolu 2 Clinic, Maryland"
409,Liberia,2014-12-30 00:00:00,Gbalay Clinic,,Maryland,,4.68512144,-7.661144823,"Gbalay Clinic, Maryland"
410,Liberia,2014-12-31 00:00:00,Wlowen Clinic,,Maryland,,4.631108305,-7.801862109,"Wlowen Clinic, Maryland"
411,Liberia,2015-01-01 00:00:00,Yediaken,Clinic,Maryland,,4.67669,-77.66456,"Yediaken, Maryland"
412,Liberia,2015-01-02 00:00:00,Yediaken Clinic,,Maryland,,4.676263954,-7.664226461,"Yediaken Clinic, Maryland"
413,Liberia,2015-01-03 00:00:00,Feloken Clinic,Clinic,Maryland,Feloken,5.06728,-7.86617,"Feloken Clinic, Maryland"
414,Liberia,2015-01-04 00:00:00,Gbawiliken,Clinic,Maryland,Gbaklika,4.99046,-7.84942,"Gbawiliken, Maryland"
415,Liberia,2015-01-05 00:00:00,Barriken Clinic,Clinic,Maryland,Barrakeh,4.492933518,-7.662764566,"Barriken Clinic, Maryland"
416,Liberia,2015-01-06 00:00:00,Gboloke,Clinic,Maryland,Gbloke,4.53304,-7.64229,"Gboloke, Maryland"
417,Liberia,2015-01-07 00:00:00,Karloken,Health Center,Maryland,Karloken,4.799023,-7.736891,"Karloken, Maryland"
418,Liberia,2015-01-08 00:00:00,Rock Town Kunokudi,Clinic,Maryland,Kudekudi,4.6451,-7.61716,"Rock Town Kunokudi, Maryland"
419,Liberia,2015-01-09 00:00:00,Old Sodoken,Clinic,Maryland,Old Sodokeh,4.520348,-7.705999,"Old Sodoken, Maryland"
420,Liberia,2015-01-10 00:00:00,C.R.P. Medical Center,HC,Maryland,Pleebo,4.5335,-7.6451,"C.R.P. Medical Center, Maryland"
421,Liberia,2015-01-11 00:00:00,Cavalla Medical Center,Clinic,Maryland,Pleebo,4.573607189,-7.661985342,"Cavalla Medical Center, Maryland"
422,Liberia,2015-01-12 00:00:00,CRC Clinic,,Maryland,Pleebo,4.576580473,-7.655941214,"CRC Clinic, Maryland"
423,Liberia,2015-01-13 00:00:00,CRC Hospital,,Maryland,Pleebo,4.576565189,-7.647829705,"CRC Hospital, Maryland"
424,Liberia,2015-01-14 00:00:00,Plebo Health Center,Health Center,Maryland,Pleebo,4.58534,-7.6719,"Plebo Health Center, Maryland"
425,Liberia,2015-01-15 00:00:00,St. Francis,Clinic,Maryland,Sadeke,4.55303,-7.67081,"St. Francis, Maryland"
426,Liberia,2015-01-16 00:00:00,Division 3 New Camp Clinic,,Maryland,,4.569361937,-7.664967432,"Division 3 New Camp Clinic, Maryland"
427,Liberia,2015-01-17 00:00:00,Division 5 CRC Camp 8 Clinic,,Maryland,,4.565616972,-7.598281061,"Division 5 CRC Camp 8 Clinic, Maryland"
428,Liberia,2015-01-18 00:00:00,Factory Camp Clinic,,Maryland,,4.570321171,-7.694708042,"Factory Camp Clinic, Maryland"
429,Liberia,2015-01-19 00:00:00,Gbloken Clinic,,Maryland,,4.533323746,-7.642503122,"Gbloken Clinic, Maryland"
430,Liberia,2015-01-20 00:00:00,Gedetarbo Clinic,,Maryland,,4.572027728,-7.639726757,"Gedetarbo Clinic, Maryland"
431,Liberia,2015-01-21 00:00:00,Sodoken,Clinic,Maryland,,4.52408,-7.7041,"Sodoken, Maryland"
432,Liberia,2015-01-22 00:00:00,Juduken,Clinic,Maryland,,5.04713,-7.93867,"Juduken, Maryland"
433,Liberia,2015-01-23 00:00:00,Bensonville Hospital,Hospital,Montserrado,Bensonville,6.442512813,-10.60410747,"Bensonville Hospital, Montserrado"
434,Liberia,2015-01-24 00:00:00,Kingsville Clinic,Clinic,Montserrado,Centeral Kingsville,6.42407,-10.4766,"Kingsville Clinic, Montserrado"
435,Liberia,2015-01-25 00:00:00,Crozierville Clinic,Clinic,Montserrado,"Crozierville,",6.45398,-10.63581,"Crozierville Clinic, Montserrado"
436,Liberia,2015-01-26 00:00:00,Harrisburg Clinic,Clinic,Montserrado,Todee,6.48962,-10.45298,"Harrisburg Clinic, Montserrado"
437,Liberia,2015-01-27 00:00:00,Careysburg,Clinic,Montserrado,,6.4023,-10.54757,"Careysburg, Montserrado"
438,Liberia,2015-01-28 00:00:00,Bardnersville Health Center,Health Center,Montserrado,Bakoi Town,6.37206,-10.72542,"Bardnersville Health Center, Montserrado"
439,Liberia,2015-01-29 00:00:00,Bardnersville Medical  & Lab Community Clinic,Clinic,Montserrado,Bakoi Town,6.35815,-10.7371,"Bardnersville Medical  & Lab Community Clinic, Montserrado"
440,Liberia,2015-01-30 00:00:00,E.J. Goodridge H C,HC,Montserrado,Barnersville,6.3667,-10.7333,"E.J. Goodridge H C, Montserrado"
441,Liberia,2015-01-31 00:00:00,Bardnersville Health Center,HC,Montserrado,Barnesville,6.259651,-10.708028,"Bardnersville Health Center, Montserrado"
442,Liberia,2015-02-01 00:00:00,Forkay's Maternity Clinic,Clinic,Montserrado,Barnesville,6.36455,-10.73539,"Forkay's Maternity Clinic, Montserrado"
443,Liberia,2015-02-02 00:00:00,Central Prison,Clinic,Montserrado,Bassa Community,6.30849,-10.80692,"Central Prison, Montserrado"
444,Liberia,2015-02-03 00:00:00,Bromely Community Clinic,Clinic,Montserrado,Bromley,6.413474,-10.74407,"Bromely Community Clinic, Montserrado"
445,Liberia,2015-02-04 00:00:00,Grey Stone Comm,Clinic,Montserrado,Buah Yard,6.31762,-10.81035,"Grey Stone Comm, Montserrado"
446,Liberia,2015-02-05 00:00:00,Island Clinic (Oniyama Specialist Hospital),Hospital,Montserrado,Bushrod Island,6.3279815,-10.79777,"Island Clinic (Oniyama Specialist Hospital), Montserrado"
447,Liberia,2015-02-06 00:00:00,Jaimaca Road Clinic,Clinic,Montserrado,Bushrod Island,6.34337,-10.78268,"Jaimaca Road Clinic, Montserrado"
448,Liberia,2015-02-07 00:00:00,Jallahlone Clinic,,Montserrado,Bushrod Island,6.925256127,-10.64278212,"Jallahlone Clinic, Montserrado"
449,Liberia,2015-02-08 00:00:00,Clara Town,Health Center,Montserrado,Clara Town,6.3287,-10.79808,"Clara Town, Montserrado"
450,Liberia,2015-02-09 00:00:00,Joanna Maternity,Clinic,Montserrado,Community A,6.30742,-10.80788,"Joanna Maternity, Montserrado"
451,Liberia,2015-02-10 00:00:00,National TB & Leprosy Hospital,Hospital,Montserrado,Congo town,6.26866,-10.7342,"National TB & Leprosy Hospital, Montserrado"
452,Liberia,2015-02-11 00:00:00,St. Joseph Catholic Hospital,Hospital,Montserrado,Congo Town,6.27287,-10.75462,"St. Joseph Catholic Hospital, Montserrado"
453,Liberia,2015-02-12 00:00:00,Eye and Optical Clinic,Clinic,Montserrado,Crown Hill Monrovia,6.31661,-10.8045,"Eye and Optical Clinic, Montserrado"
454,Liberia,2015-02-13 00:00:00,Chocolate City Clinic,Health Center,Montserrado,Dry Rice Market Comm,6.32923,-10.75237,"Chocolate City Clinic, Montserrado"
455,Liberia,2015-02-14 00:00:00,Tropical,Clinic,Montserrado,Dupl Monrovia,6.34871,-10.78726,"Tropical, Montserrado"
456,Liberia,2015-02-15 00:00:00,Kingdom Care Hospital,Health Center,Montserrado,Duport Road,6.238802475,-10.68390071,"Kingdom Care Hospital, Montserrado"
457,Liberia,2015-02-16 00:00:00,Fiamah   Community Clinic,Clinic,Montserrado,Fiama,6.2834,-10.7515,"Fiamah   Community Clinic, Montserrado"
458,Liberia,2015-02-17 00:00:00,Gardnersville Community Clinic,Clinic,Montserrado,Gardnersville,6.31766,-10.72773,"Gardnersville Community Clinic, Montserrado"
459,Liberia,2015-02-18 00:00:00,Sis. Agnes Health Center,Clinic,Montserrado,Gardnersville,6.33603,-10.74664,"Sis. Agnes Health Center, Montserrado"
460,Liberia,2015-02-19 00:00:00,SiS. Barbara Ann Health Center,Health Center,Montserrado,Gardnersville,6.32616,-10.73534,"SiS. Barbara Ann Health Center, Montserrado"
461,Liberia,2015-02-20 00:00:00,Father Lee Maternity Clinic,Clinic,Montserrado,Goway Town,6.39106,-10.75655,"Father Lee Maternity Clinic, Montserrado"
462,Liberia,2015-02-21 00:00:00,Kelthy's  Clinic,Clinic,Montserrado,Jacob Town,6.305112,-10.7146424,"Kelthy's  Clinic, Montserrado"
463,Liberia,2015-02-22 00:00:00,Poly Clinic,Clinic,Montserrado,Jacob Town,6.28875,-10.7748,"Poly Clinic, Montserrado"
464,Liberia,2015-02-23 00:00:00,Fatima Clinic,Clinic,Montserrado,Johnsonville,6.332,-10.7042,"Fatima Clinic, Montserrado"
465,Liberia,2015-02-24 00:00:00,Bushrod Island Community  Clinic,Clinic,Montserrado,Logan Town,6.34455,-10.78574,"Bushrod Island Community  Clinic, Montserrado"
466,Liberia,2015-02-25 00:00:00,Central Matadi,Clinic,Montserrado,Matadi,6.29998,-10.76868,"Central Matadi, Montserrado"
467,Liberia,2015-02-26 00:00:00,FPAL Clinic,Clinic,Montserrado,Mataley,6.28849,-10.77714,"FPAL Clinic, Montserrado"
468,Liberia,2015-02-27 00:00:00,Medical Diagnostic Laboratory Clinic,Clinic,Montserrado,Mills Center,6.2597055,-10.6859958,"Medical Diagnostic Laboratory Clinic, Montserrado"
469,Liberia,2015-02-28 00:00:00,A.C.F.I. Medical Center,Clinic,Montserrado,Monrovia,6.294495,-10.789362,"A.C.F.I. Medical Center, Montserrado"
470,Liberia,2015-03-01 00:00:00,Bong Community Clinic,Clinic,Montserrado,Monrovia,6.291268,-10.775821,"Bong Community Clinic, Montserrado"
471,Liberia,2015-03-02 00:00:00,Camp Sandee Ware clinic,Clinic,Montserrado,Monrovia,6.397448,-10.491957,"Camp Sandee Ware clinic, Montserrado"
472,Liberia,2015-03-03 00:00:00,Capital Medical Clinic,Clinic,Montserrado,Monrovia,6.30638,-10.797312,"Capital Medical Clinic, Montserrado"
473,Liberia,2015-03-04 00:00:00,E.S. Grant Mantal Hospital,Hospital,Montserrado,Monrovia,6.27529,-10.68934,"E.S. Grant Mantal Hospital, Montserrado"
474,Liberia,2015-03-05 00:00:00,ELWA1 Hospital,Ebola Treatment Center,Montserrado,Monrovia,6.23938,-10.69651,"ELWA1 Hospital, Montserrado"
475,Liberia,2015-03-06 00:00:00,ELWA2 Hospital,Ebola Treatment Center,Montserrado,Monrovia,6.3279815,-10.79777,"ELWA2 Hospital, Montserrado"
476,Liberia,2015-03-07 00:00:00,ELWA3 Hospital,Ebola Treatment Center,Montserrado,Monrovia,6.3279815,-10.79777,"ELWA3 Hospital, Montserrado"
477,Liberia,2015-03-08 00:00:00,Eulysa Clinic,Clinic,Montserrado,Monrovia,6.31544,-10.80451,"Eulysa Clinic, Montserrado"
478,Liberia,2015-03-09 00:00:00,Family Life Clinic,Clinic,Montserrado,Monrovia,6.3302,-10.7992,"Family Life Clinic, Montserrado"
479,Liberia,2015-03-10 00:00:00,Family Medical Center,Clinic,Montserrado,Monrovia,6.305112,-10.7146424,"Family Medical Center, Montserrado"
480,Liberia,2015-03-11 00:00:00,Few Diagnostic,Clinic,Montserrado,Monrovia,6.29465,-10.78902,"Few Diagnostic, Montserrado"
481,Liberia,2015-03-12 00:00:00,Gates of Hope,Clinic,Montserrado,Monrovia,6.28672,-10.6907,"Gates of Hope, Montserrado"
482,Liberia,2015-03-13 00:00:00,God Will Health,Clinic,Montserrado,Monrovia,6.29284,-10.77195,"God Will Health, Montserrado"
483,Liberia,2015-03-14 00:00:00,God Will Health,Clinic,Montserrado,Monrovia,6.30614,-10.79612,"God Will Health, Montserrado"
484,Liberia,2015-03-15 00:00:00,Healthline Medical  Clinic,Clinic,Montserrado,Monrovia,6.34341,-10.7518,"Healthline Medical  Clinic, Montserrado"
485,Liberia,2015-03-16 00:00:00,International poly clinic,Clinic,Montserrado,Monrovia,6.28941,-10.7745,"International poly clinic, Montserrado"
486,Liberia,2015-03-17 00:00:00,Iron Factory Community,Clinic,Montserrado,Monrovia,633658,-10.76251,"Iron Factory Community, Montserrado"
487,Liberia,2015-03-18 00:00:00,JFK Memorial Medical Centre,Hospital,Montserrado,Monrovia,6.3279815,-10.79777,"JFK Memorial Medical Centre, Montserrado"
488,Liberia,2015-03-19 00:00:00,John F. Kennedy Medical Center,Hospital,Montserrado,Monrovia,6.287483,-10.773928,"John F. Kennedy Medical Center, Montserrado"
489,Liberia,2015-03-20 00:00:00,Kebbeh Poly Clinic,Clinic,Montserrado,Monrovia,6.3178875,-10.8053783,"Kebbeh Poly Clinic, Montserrado"
490,Liberia,2015-03-21 00:00:00,Kormassa Maternity Clinic,Clinic,Montserrado,Monrovia,6.30236,-10.79726,"Kormassa Maternity Clinic, Montserrado"
491,Liberia,2015-03-22 00:00:00,Last Hope Clinic,Clinic,Montserrado,Monrovia,6.3795,-10.7849,"Last Hope Clinic, Montserrado"
492,Liberia,2015-03-23 00:00:00,LESH  Medical Clinic,Clinic,Montserrado,Monrovia,6.3667,-10.7333,"LESH  Medical Clinic, Montserrado"
493,Liberia,2015-03-24 00:00:00,Liberian National Red Cross Clinic,Clinic,Montserrado,Monrovia,6.30881,-10.80277,"Liberian National Red Cross Clinic, Montserrado"
494,Liberia,2015-03-25 00:00:00,Life Care Health Center,Health Center,Montserrado,Monrovia,6.29332,-10.66102,"Life Care Health Center, Montserrado"
495,Liberia,2015-03-26 00:00:00,LNP Head Quarter Clinic,,Montserrado,Monrovia,6.30356,-10.79563,"LNP Head Quarter Clinic, Montserrado"
496,Liberia,2015-03-27 00:00:00,LNP Training Academic Clinic,Clinic,Montserrado,Monrovia,6.28402,-10.70089,"LNP Training Academic Clinic, Montserrado"
497,Liberia,2015-03-28 00:00:00,Lofa Medical Services clinic,Clinic,Montserrado,Monrovia,6.305112,-10.7146424,"Lofa Medical Services clinic, Montserrado"
498,Liberia,2015-03-29 00:00:00,Logan Town Community Clinic,Clinic,Montserrado,Monrovia,6.353159,-10.783103,"Logan Town Community Clinic, Montserrado"
499,Liberia,2015-03-30 00:00:00,LPRC Community (Clinic),Clinic,Montserrado,Monrovia,6.32826,-10.73307,"LPRC Community (Clinic), Montserrado"
500,Liberia,2015-03-31 00:00:00,Ma Tuwor,Clinic,Montserrado,Monrovia,6.32229,-10.72811,"Ma Tuwor, Montserrado"
501,Liberia,2015-04-01 00:00:00,Ma V. maternity,Clinic,Montserrado,Monrovia,6.290364,-10.6808596,"Ma V. maternity, Montserrado"
502,Liberia,2015-04-02 00:00:00,Ma-Esther Clinic,Clinic,Montserrado,Monrovia,6.2724072,-10.721755,"Ma-Esther Clinic, Montserrado"
503,Liberia,2015-04-03 00:00:00,MALAG Clinic,Clinic,Montserrado,Monrovia,6.31821,-10.80764,"MALAG Clinic, Montserrado"
504,Liberia,2015-04-04 00:00:00,Marena Community Clinic,Clinic,Montserrado,Monrovia,6.28585,-10.76474,"Marena Community Clinic, Montserrado"
505,Liberia,2015-04-05 00:00:00,Marwah Medical Center,,Montserrado,Monrovia,6.2671972,-10.7262008,"Marwah Medical Center, Montserrado"
506,Liberia,2015-04-06 00:00:00,MASGCO Medical Center,,Montserrado,Monrovia,6.3110705,-10.7213098,"MASGCO Medical Center, Montserrado"
507,Liberia,2015-04-07 00:00:00,Maternal and Child Medical Clinic,Clinic,Montserrado,Monrovia,6.3913147,-10.7338196,"Maternal and Child Medical Clinic, Montserrado"
508,Liberia,2015-04-08 00:00:00,Mawah Medical (Clinic),Clinic,Montserrado,Monrovia,6.32523,-10.80091,"Mawah Medical (Clinic), Montserrado"
509,Liberia,2015-04-09 00:00:00,Medicare Clinic,Clinic,Montserrado,Monrovia,6.293432,-10.689021,"Medicare Clinic, Montserrado"
510,Liberia,2015-04-10 00:00:00,MEDLINK  Clinic,Clinic,Montserrado,Monrovia,6.3156068,-10.8073698,"MEDLINK  Clinic, Montserrado"
511,Liberia,2015-04-11 00:00:00,Milad,Clinic,Montserrado,Monrovia,6.35571,-10.7353,"Milad, Montserrado"
512,Liberia,2015-04-12 00:00:00,Miracle Center of God Clinic,Clinic,Montserrado,Monrovia,6.2958169,-10.6820609,"Miracle Center of God Clinic, Montserrado"
513,Liberia,2015-04-13 00:00:00,Modern Eye Optical Clinic,Clinic,Montserrado,Monrovia,6.3152139,-10.806306,"Modern Eye Optical Clinic, Montserrado"
514,Liberia,2015-04-14 00:00:00,Monrovia Central Prison Clinic,Clinic,Montserrado,Monrovia,6.30849,-10.80692,"Monrovia Central Prison Clinic, Montserrado"
515,Liberia,2015-04-15 00:00:00,National Police Training Academic Clinic,Clinic,Montserrado,Monrovia,6.283919,-10.700403,"National Police Training Academic Clinic, Montserrado"
516,Liberia,2015-04-16 00:00:00,National Port Authority Clinic,Clinic,Montserrado,Monrovia,6.662012,-10.838945,"National Port Authority Clinic, Montserrado"
517,Liberia,2015-04-17 00:00:00,Neighbourhood Maternity Clinic,Clinic,Montserrado,Monrovia,6.298927,-10.692127,"Neighbourhood Maternity Clinic, Montserrado"
518,Liberia,2015-04-18 00:00:00,NUNICHAPS Barcley Mission Clinic,Clinic,Montserrado,Monrovia,6.306169,-10.80353,"NUNICHAPS Barcley Mission Clinic, Montserrado"
519,Liberia,2015-04-19 00:00:00,Old Road Community,Clinic,Montserrado,Monrovia,6.28383,-10.74995,"Old Road Community, Montserrado"
520,Liberia,2015-04-20 00:00:00,Pacific Medical Lab. Clinic,Clinic,Montserrado,Monrovia,6.31775,-10.8076,"Pacific Medical Lab. Clinic, Montserrado"
521,Liberia,2015-04-21 00:00:00,Pastor Fred Davis Memorial Clinic,Clinic,Montserrado,Monrovia,6.27162,-10.68733,"Pastor Fred Davis Memorial Clinic, Montserrado"
522,Liberia,2015-04-22 00:00:00,Peneta Clinic,Clinic,Montserrado,Monrovia,6.30993,-10.7088,"Peneta Clinic, Montserrado"
523,Liberia,2015-04-23 00:00:00,Pool of Bethesda Medical Clinic,Clinic,Montserrado,Monrovia,6.30116,-10.68026,"Pool of Bethesda Medical Clinic, Montserrado"
524,Liberia,2015-04-24 00:00:00,Providence Clinic,Clinic,Montserrado,Monrovia,6.29277,-10.68782,"Providence Clinic, Montserrado"
525,Liberia,2015-04-25 00:00:00,Red Cross,Clinic,Montserrado,Monrovia,6.30951,-10.80516,"Red Cross, Montserrado"
526,Liberia,2015-04-26 00:00:00,Redemption Hospital,Hospital,Montserrado,Monrovia,6.3656,-10.7917,"Redemption Hospital, Montserrado"
527,Liberia,2015-04-27 00:00:00,Rev. Browne Medical Clinic,Clinic,Montserrado,Monrovia,6.4469147,-10.6187797,"Rev. Browne Medical Clinic, Montserrado"
528,Liberia,2015-04-28 00:00:00,Rev. Father James Lee Memorial Clinic,Clinic,Montserrado,Monrovia,6.3913147,-10.7338196,"Rev. Father James Lee Memorial Clinic, Montserrado"
529,Liberia,2015-04-29 00:00:00,Rev. Zubah Clinic,Clinic,Montserrado,Monrovia,6.4195359,-10.78924,"Rev. Zubah Clinic, Montserrado"
530,Liberia,2015-04-30 00:00:00,Richardson- Adams Medical clinic,Clinic,Montserrado,Monrovia,6.31089,-10.800017,"Richardson- Adams Medical clinic, Montserrado"
531,Liberia,2015-05-01 00:00:00,Sarah P. Smith Maternity,Clinic,Montserrado,Monrovia,6.32494,-10.72675,"Sarah P. Smith Maternity, Montserrado"
532,Liberia,2015-05-02 00:00:00,SLEMP Medical Clinic,Clinic,Montserrado,Monrovia,6.3123,-10.6845,"SLEMP Medical Clinic, Montserrado"
533,Liberia,2015-05-03 00:00:00,Slipway,Clinic,Montserrado,Monrovia,6.31603,-10.79861,"Slipway, Montserrado"
534,Liberia,2015-05-04 00:00:00,Snapper Hill Clinic,Clinic,Montserrado,Monrovia,6.31963,-10.80935,"Snapper Hill Clinic, Montserrado"
535,Liberia,2015-05-05 00:00:00,SOS  Hospital,Hospital,Montserrado,Monrovia,6.276566833,-10.74908511,"SOS  Hospital, Montserrado"
536,Liberia,2015-05-06 00:00:00,SOS  Sub Clinic,Clinic,Montserrado,Monrovia,6.29971,-10.76366,"SOS  Sub Clinic, Montserrado"
537,Liberia,2015-05-07 00:00:00,St Joseph Catholic  Hospital,Hospital,Montserrado,Monrovia,6.2734,-10.75508,"St Joseph Catholic  Hospital, Montserrado"
538,Liberia,2015-05-08 00:00:00,Super Market Community Clinic,Clinic,Montserrado,Monrovia,6.33532,-10.79398,"Super Market Community Clinic, Montserrado"
539,Liberia,2015-05-09 00:00:00,Trinity Maternity,Clinic,Montserrado,Monrovia,6.33634,-10.79207,"Trinity Maternity, Montserrado"
540,Liberia,2015-05-10 00:00:00,West Point holding unit,ETC,Montserrado,Monrovia,6.32445,-10.8073,"West Point holding unit, Montserrado"
541,Liberia,2015-05-11 00:00:00,,,Montserrado,Monrovia,6.3279815,-10.79777,
542,Liberia,2015-05-12 00:00:00,,,Montserrado,Monrovia,6.3279815,-10.79777,
543,Liberia,2015-05-13 00:00:00,,,Montserrado,Monrovia,6.3279815,-10.79777,
544,Liberia,2015-05-14 00:00:00,,,Montserrado,Monrovia,6.3279815,-10.79777,
545,Liberia,2015-05-15 00:00:00,New Kru Town Clinic,HC,Montserrado,New Kru Town,6.351149,-10.756302,"New Kru Town Clinic, Montserrado"
546,Liberia,2015-05-16 00:00:00,Hydro Clinic,Clinic,Montserrado,Nipay Town,6.2789,-10.75027,"Hydro Clinic, Montserrado"
547,Liberia,2015-05-17 00:00:00,Faith Medical Laboratory,Clinic,Montserrado,Nizohn,6.29276,-10.69325,"Faith Medical Laboratory, Montserrado"
548,Liberia,2015-05-18 00:00:00,Peace Home Medical clinic,Clinic,Montserrado,Nizohn,6.2966,-10.70446,"Peace Home Medical clinic, Montserrado"
549,Liberia,2015-05-19 00:00:00,St. Paul Evangelical Clinic,Clinic,Montserrado,Nizohn,6.29239,-10.69075,"St. Paul Evangelical Clinic, Montserrado"
550,Liberia,2015-05-20 00:00:00,Breath of Life clinic,Clinic,Montserrado,Old Matadi Estate,6.29748,-10.75885,"Breath of Life clinic, Montserrado"
551,Liberia,2015-05-21 00:00:00,Dagmon,Clinic,Montserrado,Old Matadi Estate,6.29198,-10.76012,"Dagmon, Montserrado"
552,Liberia,2015-05-22 00:00:00,St. Benedict Mini  Health Center,Health Center,Montserrado,Paynesvil,6.31415,-10.69448,"St. Benedict Mini  Health Center, Montserrado"
553,Liberia,2015-05-23 00:00:00,Paynesville Medical & Lab.,Clinic,Montserrado,Paynesville,6.28484,-10.69587,"Paynesville Medical & Lab., Montserrado"
554,Liberia,2015-05-24 00:00:00,Ahmadyya,Clinic,Montserrado,Plonkor,6.29224,-10.78413,"Ahmadyya, Montserrado"
555,Liberia,2015-05-25 00:00:00,Mission of Hope Clinic,Clinic,Montserrado,Point Four,6.2957388,-10.7696085,"Mission of Hope Clinic, Montserrado"
556,Liberia,2015-05-26 00:00:00,St. Joseph's Catholic  Health Center,Health Center,Montserrado,Point Four,6.3715,-10.7903,"St. Joseph's Catholic  Health Center, Montserrado"
557,Liberia,2015-05-27 00:00:00,Ma Watta Maternity&Eye,Clinic,Montserrado,Police Academy,6.28125,-10.69215,"Ma Watta Maternity&Eye, Montserrado"
558,Liberia,2015-05-28 00:00:00,Favor Medical Clinic,Clinic,Montserrado,Samie Town,6.3368549,-10.739822,"Favor Medical Clinic, Montserrado"
559,Liberia,2015-05-29 00:00:00,Helthon Community,Clinic,Montserrado,samie town,6.3432,-10.74442,"Helthon Community, Montserrado"
560,Liberia,2015-05-30 00:00:00,Kelvin  Medical & Lab. Clinic,Clinic,Montserrado,Samie Town,6.3451384,-10.7574465,"Kelvin  Medical & Lab. Clinic, Montserrado"
561,Liberia,2015-05-31 00:00:00,R H Ferguson,Health Center,Montserrado,Samie Town,6.3249,-10.73015,"R H Ferguson, Montserrado"
562,Liberia,2015-06-01 00:00:00,Duport Road Clinic,Health Center,Montserrado,Saura,6.27537,-10.6898,"Duport Road Clinic, Montserrado"
563,Liberia,2015-06-02 00:00:00,FREDAI Medical Eye,Clinic,Montserrado,Saura,6.28168,-10.69231,"FREDAI Medical Eye, Montserrado"
564,Liberia,2015-06-03 00:00:00,Gloring Health Clinic,Clinic,Montserrado,Sayon Town,6.37205,-10.78729,"Gloring Health Clinic, Montserrado"
565,Liberia,2015-06-04 00:00:00,Markue Medical laboratory Clinic,Clinic,Montserrado,Sayon Town,6.35,-10.7833,"Markue Medical laboratory Clinic, Montserrado"
566,Liberia,2015-06-05 00:00:00,Greater Love Medical clinic,Clinic,Montserrado,Sinkor,6.29538,-10.7784,"Greater Love Medical clinic, Montserrado"
567,Liberia,2015-06-06 00:00:00,PUCC,Clinic,Montserrado,Sinkor,6.28506,-10.77369,"PUCC, Montserrado"
568,Liberia,2015-06-07 00:00:00,SDA Cooper Memorial Hospital,Hospital,Montserrado,Sinkor,6.29654,-10.78057,"SDA Cooper Memorial Hospital, Montserrado"
569,Liberia,2015-06-08 00:00:00,Slemp Medical  Annex 2,Clinic,Montserrado,Wein Town,6.34932,-10.65292,"Slemp Medical  Annex 2, Montserrado"
570,Liberia,2015-06-09 00:00:00,Star of the sea Health center,Health Center,Montserrado,Westpoint,6.3285,-10.80431,"Star of the sea Health center, Montserrado"
571,Liberia,2015-06-10 00:00:00,Sam Mini Clinic,Clinic,Montserrado,Woodcamp,6.29575,-10.68655,"Sam Mini Clinic, Montserrado"
572,Liberia,2015-06-11 00:00:00,Chinese Clinic,Clinic,Montserrado,Yekpi Town,6.270548,-10.738085,"Chinese Clinic, Montserrado"
573,Liberia,2015-06-12 00:00:00,Sets Maternity,Clinic,Montserrado,Zohulong,6.24989,-10.70003,"Sets Maternity, Montserrado"
574,Liberia,2015-06-13 00:00:00,Agape Health Center,Clinic,Montserrado,,6.27233,-10.67928,"Agape Health Center, Montserrado"
575,Liberia,2015-06-14 00:00:00,Benson Hospital,Hospital,Montserrado,,6.28354,-10.68962,"Benson Hospital, Montserrado"
576,Liberia,2015-06-15 00:00:00,Catholic New Kru Town,Hospital,Montserrado,,6.27376,-10.75472,"Catholic New Kru Town, Montserrado"
577,Liberia,2015-06-16 00:00:00,Dayass Mini,Clinic,Montserrado,,6.28564,-10.76493,"Dayass Mini, Montserrado"
578,Liberia,2015-06-17 00:00:00,Dental & Face Care,Clinic,Montserrado,,6.31495,-10.80736,"Dental & Face Care, Montserrado"
579,Liberia,2015-06-18 00:00:00,Dr. Benjamin Harris,Clinic,Montserrado,,6.31298,-10.8084,"Dr. Benjamin Harris, Montserrado"
580,Liberia,2015-06-19 00:00:00,Dr. Nehme Clinic,Clinic,Montserrado,,6.31415,-10.80785,"Dr. Nehme Clinic, Montserrado"
581,Liberia,2015-06-20 00:00:00,Duport Road,Health Center,Montserrado,,6.27607,-10.69003,"Duport Road, Montserrado"
582,Liberia,2015-06-21 00:00:00,Elder John P. Dom(?),Clinic,Montserrado,,6.37517,-10.79167,"Elder John P. Dom(?), Montserrado"
583,Liberia,2015-06-22 00:00:00,Ger-Lib,Clinic,Montserrado,,6.29783,-10.69759,"Ger-Lib, Montserrado"
584,Liberia,2015-06-23 00:00:00,JAW Community,Clinic,Montserrado,,6.32786,-10.74098,"JAW Community, Montserrado"
585,Liberia,2015-06-24 00:00:00,JDJ Women&Children,Hospital,Montserrado,,6.30302,-101.70669,"JDJ Women&Children, Montserrado"
586,Liberia,2015-06-25 00:00:00,Kebeh Poly,Clinic,Montserrado,,6.3198,-10.81086,"Kebeh Poly, Montserrado"
587,Liberia,2015-06-26 00:00:00,Kissi Bendu,Clinic,Montserrado,,6.29018,-10.68772,"Kissi Bendu, Montserrado"
588,Liberia,2015-06-27 00:00:00,Liberty Clinic,Clinic,Montserrado,,6.26306,-10.70422,"Liberty Clinic, Montserrado"
589,Liberia,2015-06-28 00:00:00,Lofa Medical,Clinic,Montserrado,,6.30501,-10.71203,"Lofa Medical, Montserrado"
590,Liberia,2015-06-29 00:00:00,Louisiana,Clinic,Montserrado,,6.43393,-10.70285,"Louisiana, Montserrado"
591,Liberia,2015-06-30 00:00:00,Medical Laboratory,Clinic,Montserrado,,6.29434,-10.78633,"Medical Laboratory, Montserrado"
592,Liberia,2015-07-01 00:00:00,Medicover Clinic,Clinic,Montserrado,,6.29585,-10.6809,"Medicover Clinic, Montserrado"
593,Liberia,2015-07-02 00:00:00,Orphan Grain Train Medical,Clinic,Montserrado,,6.30662,-10.72218,"Orphan Grain Train Medical, Montserrado"
594,Liberia,2015-07-03 00:00:00,Rehab Community Clinic,Clinic,Montserrado,,6.24528,-10.6757,"Rehab Community Clinic, Montserrado"
595,Liberia,2015-07-04 00:00:00,Rock Hole Community,Clinic,Montserrado,,6.25807,-10.68954,"Rock Hole Community, Montserrado"
596,Liberia,2015-07-05 00:00:00,Seventh Day Adventist Cooper Hospital,,Montserrado,,6.299077115,-10.77717431,"Seventh Day Adventist Cooper Hospital, Montserrado"
597,Liberia,2015-07-06 00:00:00,Soul Clinic,,Montserrado,,6.299350751,-10.6949395,"Soul Clinic, Montserrado"
598,Liberia,2015-07-07 00:00:00,Stanko Medical,Clinic,Montserrado,,6.3323,-10.72169,"Stanko Medical, Montserrado"
599,Liberia,2015-07-08 00:00:00,Trinity Healing Temple,Clinic,Montserrado,,6.31596,-10.73231,"Trinity Healing Temple, Montserrado"
600,Liberia,2015-07-09 00:00:00,Trinity Healing Temple,Clinic,Montserrado,,6.33622,-10.18834,"Trinity Healing Temple, Montserrado"
601,Liberia,2015-07-10 00:00:00,Vision for the hopelessness,Clinic,Montserrado,,6.24036,-10.66812,"Vision for the hopelessness, Montserrado"
602,Liberia,2015-07-11 00:00:00,Wahwahim,Clinic,Montserrado,,6.33211,-10.72795,"Wahwahim, Montserrado"
603,Liberia,2015-07-12 00:00:00,Whole Life Comm.,Clinic,Montserrado,,6.353,-10.78344,"Whole Life Comm., Montserrado"
604,Liberia,2015-07-13 00:00:00,William Booth,Clinic,Montserrado,,6.29533,-10.69,"William Booth, Montserrado"
605,Liberia,2015-07-14 00:00:00,Wonjah Smith Memorial,Clinic,Montserrado,,6.35225,-10.78418,"Wonjah Smith Memorial, Montserrado"
606,Liberia,2015-07-15 00:00:00,Faith Medical Laboratory II,Clinic,Montserrado,Africa Road,6.40331,-10.79017,"Faith Medical Laboratory II, Montserrado"
607,Liberia,2015-07-16 00:00:00,Arthington Community Clinic,Clinic,Montserrado,Arthington,6.5122,-10.6775,"Arthington Community Clinic, Montserrado"
608,Liberia,2015-07-17 00:00:00,Blamacee Community Clinic,Clinic,Montserrado,Blamasee,6.43819,-10.81487,"Blamacee Community Clinic, Montserrado"
609,Liberia,2015-07-18 00:00:00,Imani House,Clinic,Montserrado,Brewerville,6.43842,-10.78789,"Imani House, Montserrado"
610,Liberia,2015-07-19 00:00:00,Lott Carey Mission School Clinic,Clinic,Montserrado,Brewerville,6.4313,-10.7881,"Lott Carey Mission School Clinic, Montserrado"
611,Liberia,2015-07-20 00:00:00,Mother & Child,Clinic,Montserrado,Caldwell,6.34519,-10.77504,"Mother & Child, Montserrado"
612,Liberia,2015-07-21 00:00:00,A.F. Rusell Clinic,Clinic,Montserrado,Clay Ashland,6.423534,-10.726435,"A.F. Rusell Clinic, Montserrado"
613,Liberia,2015-07-22 00:00:00,Louisiana Clinic,Clinic,Montserrado,Louisiana,6.4311,-10.693,"Louisiana Clinic, Montserrado"
614,Liberia,2015-07-23 00:00:00,Havious-Julius Green,Health Center,Montserrado,Monrovia,6.43335,-10.77582,"Havious-Julius Green, Montserrado"
615,Liberia,2015-07-24 00:00:00,Kpalla Clinic,Clinic,Montserrado,Monrovia,6.4261,-10.8117,"Kpalla Clinic, Montserrado"
616,Liberia,2015-07-25 00:00:00,New Community,Clinic,Montserrado,Monrovia,6.39835,-10.78567,"New Community, Montserrado"
617,Liberia,2015-07-26 00:00:00,P.K. Nyansaiye Medical,Clinic,Montserrado,Monrovia,6.28333,-10.69866,"P.K. Nyansaiye Medical, Montserrado"
618,Liberia,2015-07-27 00:00:00,St. John Medical,Clinic,Montserrado,Monrovia,6.26148,-10.69648,"St. John Medical, Montserrado"
619,Liberia,2015-07-28 00:00:00,St. Paul Bridge Community Clinic,Clinic,Montserrado,Monrovia,6.39029,-10.78261,"St. Paul Bridge Community Clinic, Montserrado"
620,Liberia,2015-07-29 00:00:00,Stockton Creek Clinic,Clinic,Montserrado,Monrovia,6.37219,-10.77995,"Stockton Creek Clinic, Montserrado"
621,Liberia,2015-07-30 00:00:00,Mariama Z. Brown Clinic,Clinic,Montserrado,Moulton Corner,6.4233,-10.7839,"Mariama Z. Brown Clinic, Montserrado"
622,Liberia,2015-07-31 00:00:00,Ricks Mission School Clinic,Clinic,Montserrado,Virginia,6.494,-10.8017,"Ricks Mission School Clinic, Montserrado"
623,Liberia,2015-08-01 00:00:00,St. Peter Clinic,Clinic,Montserrado,Virginia,6.494,-10.8017,"St. Peter Clinic, Montserrado"
624,Liberia,2015-08-02 00:00:00,Banjor Comm.,Clinic,Montserrado,,6.41061,-10.79693,"Banjor Comm., Montserrado"
625,Liberia,2015-08-03 00:00:00,Bishop John Collins Clinic,Health Center,Montserrado,,6.35786,-10.7808,"Bishop John Collins Clinic, Montserrado"
626,Liberia,2015-08-04 00:00:00,R C Marshall,Clinic,Montserrado,,6.41306,-10.77826,"R C Marshall, Montserrado"
627,Liberia,2015-08-05 00:00:00,SARCO Medical,Clinic,Montserrado,,6.38472,-10.78191,"SARCO Medical, Montserrado"
628,Liberia,2015-08-06 00:00:00,Goba Town Clinic,Clinic,Montserrado,Gobah,6.48761,-10.44154,"Goba Town Clinic, Montserrado"
629,Liberia,2015-08-07 00:00:00,Vicmah Maternity,Clinic,Montserrado,Jacob Town,6.30807,-10.7104,"Vicmah Maternity, Montserrado"
630,Liberia,2015-08-08 00:00:00,Koon Town,Clinic,Montserrado,Koon Town,6.602536,-10.539404,"Koon Town, Montserrado"
631,Liberia,2015-08-09 00:00:00,Johnsonville,Clinic,Montserrado,Monrovia,6.3541,-10.68528,"Johnsonville, Montserrado"
632,Liberia,2015-08-10 00:00:00,Nyehn,Health Center,Montserrado,Monrovia,6.547,-10.48939,"Nyehn, Montserrado"
633,Liberia,2015-08-11 00:00:00,Morris Farm Clinic,Clinic,Montserrado,Morris Farm,6.5456,-10.3837,"Morris Farm Clinic, Montserrado"
634,Liberia,2015-08-12 00:00:00,Zanna Town,Clinic,Montserrado,Zannah,6.71422,-10.41221,"Zanna Town, Montserrado"
635,Liberia,2015-08-13 00:00:00,Bonlay,Clinic,Nimba,Bonglay,6.82336,-8.54772,"Bonlay, Nimba"
636,Liberia,2015-08-14 00:00:00,Toweh Town,Clinic,Nimba,Toweh Town,6.794162788,-8.667319238,"Toweh Town, Nimba"
637,Liberia,2015-08-15 00:00:00,NEW YOURPEA,,Nimba,,6.72565553,-8.486444127,"NEW YOURPEA, Nimba"
638,Liberia,2015-08-16 00:00:00,Zoegeh Medical Center,Health Center,Nimba,Dabli,6.95194,-8.54702,"Zoegeh Medical Center, Nimba"
639,Liberia,2015-08-17 00:00:00,Diallah,Clinic,Nimba,Dialah,6.47662415,-8.698507763,"Diallah, Nimba"
640,Liberia,2015-08-18 00:00:00,Graie,Clinic,Nimba,Gloie Graie,6.70823,-8.77111,"Graie, Nimba"
641,Liberia,2015-08-19 00:00:00,Kwendin,Clinic,Nimba,Kwendin,6.454647499,-8.948930267,"Kwendin, Nimba"
642,Liberia,2015-08-20 00:00:00,Consolata,Clinic,Nimba,Tapeta,6.48795,-8.86372,"Consolata, Nimba"
643,Liberia,2015-08-21 00:00:00,Jackson F. Doe (Chinese) Hospital,Hosp,Nimba,Tappita (Tapeta),6.508292542,-8.860278388,"Jackson F. Doe (Chinese) Hospital, Nimba"
644,Liberia,2015-08-22 00:00:00,Mid Baptist Clinic,Clinic,Nimba,Tappita (Tapeta),6.4948614,-8.869073238,"Mid Baptist Clinic, Nimba"
645,Liberia,2015-08-23 00:00:00,Zuaplay,Clinic,Nimba,Vohn Town,6.74124,-8.87481,"Zuaplay, Nimba"
646,Liberia,2015-08-24 00:00:00,Zuolay,Clinic,Nimba,Zuolay,6.67553,-8.78746,"Zuolay, Nimba"
647,Liberia,2015-08-25 00:00:00,TB & Leprosy Rehabilitation Hospital Ganta,,Nimba,,7.241019643,-8.969807975,"TB & Leprosy Rehabilitation Hospital Ganta, Nimba"
648,Liberia,2015-08-26 00:00:00,United Methodist Hospital Ganta,,Nimba,,7.235140296,-8.977979038,"United Methodist Hospital Ganta, Nimba"
649,Liberia,2015-08-27 00:00:00,UNMIL BANENG  Lvl 1 Hospital Ganta,,Nimba,,7.214796068,-8.976920238,"UNMIL BANENG  Lvl 1 Hospital Ganta, Nimba"
650,Liberia,2015-08-28 00:00:00,UNMIL GHANBAT Lvl 1 Hospital Ganta,,Nimba,,7.230753549,-8.994728064,"UNMIL GHANBAT Lvl 1 Hospital Ganta, Nimba"
651,Liberia,2015-08-29 00:00:00,Beo Yoolar,Clinic,Nimba,Beoyoolor,7.04815,-8.32137,"Beo Yoolar, Nimba"
652,Liberia,2015-08-30 00:00:00,Duoplay,Clinic,Nimba,Doupplay,7.2869,-8.4208,"Duoplay, Nimba"
653,Liberia,2015-08-31 00:00:00,Gbeivonwea,Clinic,Nimba,Gbei-Vonwea,7.08173,-8.4168,"Gbeivonwea, Nimba"
654,Liberia,2015-09-01 00:00:00,Goagortuo,Clinic,Nimba,Guagortuo,7.41045,-8.4537,"Goagortuo, Nimba"
655,Liberia,2015-09-02 00:00:00,Karnplay,Health Center,Nimba,Kahnple,7.26465,-8.50416,"Karnplay, Nimba"
656,Liberia,2015-09-03 00:00:00,Zorgowee,Clinic,Nimba,Karmean Village,7.34248,-8.57848,"Zorgowee, Nimba"
657,Liberia,2015-09-04 00:00:00,Garplay,Clinic,Nimba,New Gabaldi,7.12257,-8.46228,"Garplay, Nimba"
658,Liberia,2015-09-05 00:00:00,Vayenglay,Clinic,Nimba,Vayenglay,7.14458,-8.56287,"Vayenglay, Nimba"
659,Liberia,2015-09-06 00:00:00,Youhnlay,Clinic,Nimba,Youhnlay,7.34093,-8.4474,"Youhnlay, Nimba"
660,Liberia,2015-09-07 00:00:00,Zodru,Clinic,Nimba,Zodru,6.56993,-8.57114,"Zodru, Nimba"
661,Liberia,2015-09-08 00:00:00,Loguatuo,Clinic,Nimba,,7.025799,-8.3658,"Loguatuo, Nimba"
662,Liberia,2015-09-09 00:00:00,Cocopa,Clinic,Nimba,Cocopa,7.1027,-8.86516,"Cocopa, Nimba"
663,Liberia,2015-09-10 00:00:00,Duo Town,Clinic,Nimba,Duo Town,6.928375,-9.118078,"Duo Town, Nimba"
664,Liberia,2015-09-11 00:00:00,Flumpa,Clinic,Nimba,Flumpa,7.10824,-8.91159,"Flumpa, Nimba"
665,Liberia,2015-09-12 00:00:00,Flumpa Mission,Clinic,Nimba,Flumpa,7.11156,-8.92041,"Flumpa Mission, Nimba"
666,Liberia,2015-09-13 00:00:00,Karnwee,Clinic,Nimba,Kahnwi,7.02698,-8.85126,"Karnwee, Nimba"
667,Liberia,2015-09-14 00:00:00,Kpaytuo,Clinic,Nimba,Kpetu,6.81426,-8.81569,"Kpaytuo, Nimba"
668,Liberia,2015-09-15 00:00:00,Saclepea Comprehensive,Health Center,Nimba,Saglelpie,6.97559,-8.84509,"Saclepea Comprehensive, Nimba"
669,Liberia,2015-09-16 00:00:00,Saclepea Mission,Clinic,Nimba,Saglelpie,6.95514,-8.84182,"Saclepea Mission, Nimba"
670,Liberia,2015-09-17 00:00:00,Duayee,Clinic,Nimba,Sakla,6.87959,-8.95296,"Duayee, Nimba"
671,Liberia,2015-09-18 00:00:00,Kpain,Clinic,Nimba,Venn Town,7.10817,-9.07631,"Kpain, Nimba"
672,Liberia,2015-09-19 00:00:00,Bunadin,Clinic,Nimba,Bunadin,7.01018,-9.07411,"Bunadin, Nimba"
673,Liberia,2015-09-20 00:00:00,Agape,Clinic,Nimba,Ganta,7.22663,-8.98617,"Agape, Nimba"
674,Liberia,2015-09-21 00:00:00,Equip Ganta,Clinic,Nimba,Ganta,7.22639,-8.96912,"Equip Ganta, Nimba"
675,Liberia,2015-09-22 00:00:00,Ganta Community Clinic,Clinic,Nimba,Ganta,7.22976,-9.00128,"Ganta Community Clinic, Nimba"
676,Liberia,2015-09-23 00:00:00,Ganta Methodist Hospital,Hospital,Nimba,Ganta,7.23511,-8.9777,"Ganta Methodist Hospital, Nimba"
677,Liberia,2015-09-24 00:00:00,Ganta Rehabiliation,Health Center,Nimba,Ganta,7.34105,-8.96991,"Ganta Rehabiliation, Nimba"
678,Liberia,2015-09-25 00:00:00,Hope Village,Clinic,Nimba,Ganta,7.22635,-8.96908,"Hope Village, Nimba"
679,Liberia,2015-09-26 00:00:00,K. L. Foundation,Clinic,Nimba,Ganta,7.22106,-8.97925,"K. L. Foundation, Nimba"
680,Liberia,2015-09-27 00:00:00,New Man,Clinic,Nimba,Ganta,7.23042,-8.99311,"New Man, Nimba"
681,Liberia,2015-09-28 00:00:00,Power House,Clinic,Nimba,Ganta,7.2323,-8.98508,"Power House, Nimba"
682,Liberia,2015-09-29 00:00:00,Ganta Hospital,,Nimba,Ganta City,7.2203,-8.9813,"Ganta Hospital, Nimba"
683,Liberia,2015-09-30 00:00:00,YMCA Clinic,Clinic,Nimba,LAMCO Camp,7.57467,-8.5453,"YMCA Clinic, Nimba"
684,Liberia,2015-10-01 00:00:00,Lugbehyee,Clinic,Nimba,Lugbei,7.60641,-8.6201,"Lugbehyee, Nimba"
685,Liberia,2015-10-02 00:00:00,Liberian American (LAMCO )Yekepa Hospital,Hosp,Nimba,New Yekepa,7.58478,-8.53793,"Liberian American (LAMCO )Yekepa Hospital, Nimba"
686,Liberia,2015-10-03 00:00:00,G. W. Harley Memorial Hospital,Triage,Nimba,Sanniquellie,7.35261,-8.71733,"G. W. Harley Memorial Hospital, Nimba"
687,Liberia,2015-10-04 00:00:00,GW Harley,Triage,Nimba,Sanniquellie,7.35261,-8.71733,"GW Harley, Nimba"
688,Liberia,2015-10-05 00:00:00,St. Mary Hospital Sanniquellie,Hospital,Nimba,Sanniquellie,7.363468813,-8.706923892,"St. Mary Hospital Sanniquellie, Nimba"
689,Liberia,2015-10-06 00:00:00,Duo Tiayee,Clinic,Nimba,Tiayee Dotia,7.24705,-8.65889,"Duo Tiayee, Nimba"
690,Liberia,2015-10-07 00:00:00,YMCA,Clinic,Nimba,Yekepa,7.57466,-8.5443,"YMCA, Nimba"
691,Liberia,2015-10-08 00:00:00,Comprehensive Health Center Saclepea,,Nimba,Saglelpie,6.968966138,-8.844783251,"Comprehensive Health Center Saclepea, Nimba"
692,Liberia,2015-10-09 00:00:00,JUNCTION,,Nimba,Gboyi,6.450479595,-9.013556386,"JUNCTION, Nimba"
693,Liberia,2015-10-10 00:00:00,Mehnla,Clinic,Nimba,Mehnle,6.81581,-8.97828,"Mehnla, Nimba"
694,Liberia,2015-10-11 00:00:00,"Arcellor Mittal Hospital, Yekepa",Hospital,Nimba,Yekepa,7.584696429,-8.537762083,"Arcellor Mittal Hospital, Yekepa, Nimba"
695,Liberia,2015-10-12 00:00:00,Zeekapa,,Nimba,Zaakin,6.649571195,-9.117432643,"Zeekapa, Nimba"
696,Liberia,2015-10-13 00:00:00,Bahn,Health Center,Nimba,Bahn,7.02958,-8.73021,"Bahn, Nimba"
697,Liberia,2015-10-14 00:00:00,Bahn Mission,Clinic,Nimba,Bahn,7.02088,-8.72441,"Bahn Mission, Nimba"
698,Liberia,2015-10-15 00:00:00,Beadatuo,Clinic,Nimba,Beadatuo,6.99038,-8.59757,"Beadatuo, Nimba"
699,Liberia,2015-10-16 00:00:00,Buutuo,Clinic,Nimba,Buutuo,6.83018,-8.34343,"Buutuo, Nimba"
700,Liberia,2015-10-17 00:00:00,Gblarlay,Clinic,Nimba,Gbalhplay,6.72277,-8.4286,"Gblarlay, Nimba"
701,Liberia,2015-10-18 00:00:00,Gbloulay,Clinic,Nimba,Gblonlay,6.8944,-8.59508,"Gbloulay, Nimba"
702,Liberia,2015-10-19 00:00:00,Lepula,Clinic,Nimba,Lepula,6.97915,-8.41772,"Lepula, Nimba"
703,Liberia,2015-10-20 00:00:00,Payee Comm.,Clinic,Nimba,Payee,7.11285,-8.7349,"Payee Comm., Nimba"
704,Liberia,2015-10-21 00:00:00,Wehplay,Clinic,Nimba,Wehyeplay,7.0778,-8.6281,"Wehplay, Nimba"
705,Liberia,2015-10-22 00:00:00,ITI Clinic,Clinic,River Cess,,5.61584,-9.32318,"ITI Clinic, River Cess"
706,Liberia,2015-10-23 00:00:00,Dorbor Clinic,Clinic,River Cess,Dorbor,6.029636,-9.994233,"Dorbor Clinic, River Cess"
707,Liberia,2015-10-24 00:00:00,Zammie,Clinic,River Cess,Plaw,5.85358,-9.22857,"Zammie, River Cess"
708,Liberia,2015-10-25 00:00:00,Neezuin Town,,River Cess,Sogo Place,5.687642002,-9.500306225,"Neezuin Town, River Cess"
709,Liberia,2015-10-26 00:00:00,Obs-Obs Mission,Clinic,River Cess,,5.52013,-9.61853,"Obs-Obs Mission, River Cess"
710,Liberia,2015-10-27 00:00:00,Timbo Compound,Clinic,River Cess,,5.56679,-9.71894,"Timbo Compound, River Cess"
711,Liberia,2015-10-28 00:00:00,Boegeesay,Clinic,River Cess,Boegezay Town,6.15302,-9.32163,"Boegeesay, River Cess"
712,Liberia,2015-10-29 00:00:00,Gozohn Clinic,Clinic,River Cess,Gozohn,6.450092,-9.743114,"Gozohn Clinic, River Cess"
713,Liberia,2015-10-30 00:00:00,Kangbo Clinic,Clinic,River Cess,Kangbo To,6.2688,-9.20287,"Kangbo Clinic, River Cess"
714,Liberia,2015-10-31 00:00:00,Gozohn,Clinic,River Cess,,6.25996,-9.27653,"Gozohn, River Cess"
715,Liberia,2015-11-01 00:00:00,Charile Town Clinic,Clinic,River Cess,Charlie river,5.663100512,-9.621288423,"Charile Town Clinic, River Cess"
716,Liberia,2015-11-02 00:00:00,Bodowhea,Clinic,River Cess,,6.0037,-9.40138,"Bodowhea, River Cess"
717,Liberia,2015-11-03 00:00:00,Larkpazee Clinic,Clinic,River Cess,,6.09033,-9.41303,"Larkpazee Clinic, River Cess"
718,Liberia,2015-11-04 00:00:00,Kayah Community,Clinic,River Cess,Chuwohnbli,5.89928,-9.62345,"Kayah Community, River Cess"
719,Liberia,2015-11-05 00:00:00,Gblossoe,Clinic,River Cess,Gblossoebli,5.77601,-9.58461,"Gblossoe, River Cess"
720,Liberia,2015-11-06 00:00:00,Gbediah Clinic,Clinic,River Cess,Mawbi,5.741732117,-9.641593906,"Gbediah Clinic, River Cess"
721,Liberia,2015-11-07 00:00:00,Yarpa Town,,River Cess,Moyenta,5.715569572,-9.618635486,"Yarpa Town, River Cess"
722,Liberia,2015-11-08 00:00:00,Sahyah,Clinic,River Cess,Pinyonwroh,5.84519,-9.54236,"Sahyah, River Cess"
723,Liberia,2015-11-09 00:00:00,St. Francis,Hospital,River Cess,Babli,5.47024,-9.5801,"St. Francis, River Cess"
724,Liberia,2015-11-10 00:00:00,St. Francis Hospital,Hospital,River Cess,"Cestos City (Babili, River Cess Town)",5.469556681,-9.582268806,"St. Francis Hospital, River Cess"
725,Liberia,2015-11-11 00:00:00,Cherboken,Clinic,River Gee,Cheboken,5.26501,-8.07687,"Cherboken, River Gee"
726,Liberia,2015-11-12 00:00:00,Putuken Clinic,Clinic,River Gee,Putuken,5.34589,-8.03451,"Putuken Clinic, River Gee"
727,Liberia,2015-11-13 00:00:00,Jarkaken,Clinic,River Gee,,5.37733,-7.99596,"Jarkaken, River Gee"
728,Liberia,2015-11-14 00:00:00,Gbeapo Health Center,Health Center,River Gee,Kanweaken,5.23469,-8.01386,"Gbeapo Health Center, River Gee"
729,Liberia,2015-11-15 00:00:00,Kizito Kanweakan,Clinic,River Gee,Kanweaken,4.7604,-8.0916,"Kizito Kanweakan, River Gee"
730,Liberia,2015-11-16 00:00:00,Killepo Clinic,Clinic,River Gee,Killepo K,5.49176,-8.09328,"Killepo Clinic, River Gee"
731,Liberia,2015-11-17 00:00:00,Pronoken Town,Clinic,River Gee,Pronoken,5.18448,-7.96763,"Pronoken Town, River Gee"
732,Liberia,2015-11-18 00:00:00,St. Kizito,Clinic,River Gee,,5.23089,-8.01336,"St. Kizito, River Gee"
733,Liberia,2015-11-19 00:00:00,U-bor,Clinic,River Gee,,5.44084,-7.5085,"U-bor, River Gee"
734,Liberia,2015-11-20 00:00:00,Kronoken City Clinic,,River Gee,Jimmeville,4.87541819,-7.619479092,"Kronoken City Clinic, River Gee"
735,Liberia,2015-11-21 00:00:00,Jimmyville Clinic,Clinic,River Gee,Jimmiville,4.88052,-7.62165,"Jimmyville Clinic, River Gee"
736,Liberia,2015-11-22 00:00:00,Nyaaken Town Clinic,,River Gee,Nyaake,4.851952029,-7.599060085,"Nyaaken Town Clinic, River Gee"
737,Liberia,2015-11-23 00:00:00,Tuobo Clinic,Clinic,River Gee,Nyenebo,4.958156,-7.6253,"Tuobo Clinic, River Gee"
738,Liberia,2015-11-24 00:00:00,Nyenebo,Clinic,River Gee,Taryaken,4.90398,-7.81728,"Nyenebo, River Gee"
739,Liberia,2015-11-25 00:00:00,Charles Williams Clinic,,River Gee,,4.958179843,-7.623637133,"Charles Williams Clinic, River Gee"
740,Liberia,2015-11-26 00:00:00,Webo Chara Clinic,,River Gee,,4.883103374,-7.618381386,"Webo Chara Clinic, River Gee"
741,Liberia,2015-11-27 00:00:00,Fishtown Clinic,Health Center,River Gee,Fish Town,5.1974297,-7.8755193,"Fishtown Clinic, River Gee"
742,Liberia,2015-11-28 00:00:00,Jayproken Clinic,Clinic,River Gee,Japroken,5.291194,-7.848468,"Jayproken Clinic, River Gee"
743,Liberia,2015-11-29 00:00:00,Juwelbo,Clinic,River Gee,Juwelpo,5.40875,-7.82522,"Juwelbo, River Gee"
744,Liberia,2015-11-30 00:00:00,Japroken,Clinic,River Gee,,5.28879,-7.84706,"Japroken, River Gee"
745,Liberia,2015-12-01 00:00:00,River Gbeh Clinic,Clinic,River Gee,River  Gbe Camp,5.21162,-7.66451,"River Gbeh Clinic, River Gee"
746,Liberia,2015-12-02 00:00:00,Sarbo Sweaken Clinic,Health Center,River Gee,Swekhen,5.13154,-7.73245,"Sarbo Sweaken Clinic, River Gee"
747,Liberia,2015-12-03 00:00:00,Gbeh Town Clinic,,River Gee,,5.209691686,-7.66460084,"Gbeh Town Clinic, River Gee"
748,Liberia,2015-12-04 00:00:00,Tuobo,Clinic,River Gee,,5.02331,-7.65973,"Tuobo, River Gee"
749,Liberia,2015-12-05 00:00:00,Diyankpo,Clinic,Sinoe,Dyankpo,5.03309,-8.53072,"Diyankpo, Sinoe"
750,Liberia,2015-12-06 00:00:00,Government Camp Clinic,Clinic,Sinoe,Government Camp,5.029936029,-8.439788792,"Government Camp Clinic, Sinoe"
751,Liberia,2015-12-07 00:00:00,Wiah Town,Clinic,Sinoe,Wiah Town,5.2941368,-9.001917,"Wiah Town, Sinoe"
752,Liberia,2015-12-08 00:00:00,BOPC,Clinic,Sinoe,,5.25498,-9.17141,"BOPC, Sinoe"
753,Liberia,2015-12-09 00:00:00,Butaw,Clinic,Sinoe,,5.11943,-9.07004,"Butaw, Sinoe"
754,Liberia,2015-12-10 00:00:00,Karquekpo Clinic,Clinic,Sinoe,Drill,4.984850091,-8.649099314,"Karquekpo Clinic, Sinoe"
755,Liberia,2015-12-11 00:00:00,JAUYEN CLINIC,Clinic (HC),Sinoe,Jauryen,5.091608157,-8.667988149,"JAUYEN CLINIC, Sinoe"
756,Liberia,2015-12-12 00:00:00,Menweh Walker,Clinic,Sinoe,Seeton Juaryen,4.94339,-8.72355,"Menweh Walker, Sinoe"
757,Liberia,2015-12-13 00:00:00,Edward Memorial,Clinic,Sinoe,Settra Kru,4.8992,-8.8458,"Edward Memorial, Sinoe"
758,Liberia,2015-12-14 00:00:00,Edward Memorial,Clinic,Sinoe,,4.8999,-8.8432,"Edward Memorial, Sinoe"
759,Liberia,2015-12-15 00:00:00,Kwitatuzon Clinic,Clinic,Sinoe,,4.992147097,-8.788915187,"Kwitatuzon Clinic, Sinoe"
760,Liberia,2015-12-16 00:00:00,TUZON CLINIC,,Sinoe,,5.101449226,-8.498369334,"TUZON CLINIC, Sinoe"
761,Liberia,2015-12-17 00:00:00,Lexington (Seesee) Clinic,Clinic,Sinoe,Farmerville,5.045554866,-9.039694475,"Lexington (Seesee) Clinic, Sinoe"
762,Liberia,2015-12-18 00:00:00,F. J. Grante,Hosp,Sinoe,Greenville,5.0085839,-9.0367031,"F. J. Grante, Sinoe"
763,Liberia,2015-12-19 00:00:00,FJ GRANTE MEMORIAL HOSPITAL,Hospital,Sinoe,Greenville,5.011177841,-9.037888194,"FJ GRANTE MEMORIAL HOSPITAL, Sinoe"
764,Liberia,2015-12-20 00:00:00,St. Joseph Catholic,Clinic,Sinoe,Greenville,5.02183,-9.04379,"St. Joseph Catholic, Sinoe"
765,Liberia,2015-12-21 00:00:00,Jokoken,Clinic,Sinoe,Jokoken,5.35354,-8.12892,"Jokoken, Sinoe"
766,Liberia,2015-12-22 00:00:00,Nyennawlicken,Clinic,Sinoe,Nyennawlicken,5.36939,-8.18969,"Nyennawlicken, Sinoe"
767,Liberia,2015-12-23 00:00:00,Doodwicken Clinic,,Sinoe,,5.176582969,-8.565983116,"Doodwicken Clinic, Sinoe"
768,Liberia,2015-12-24 00:00:00,Ducor Free,Clinic,Sinoe,,5.27099,-8.37327,"Ducor Free, Sinoe"
769,Liberia,2015-12-25 00:00:00,GBATEKEN CLINIC,,Sinoe,,5.3174572,-8.29694428,"GBATEKEN CLINIC, Sinoe"
770,Liberia,2015-12-26 00:00:00,JARPOKEN CLINIC,,Sinoe,,5.202815395,-8.563258161,"JARPOKEN CLINIC, Sinoe"
771,Liberia,2015-12-27 00:00:00,Juarzon,Clinic,Sinoe,Bilibokwl,5.3797358,-8.8496735,"Juarzon, Sinoe"
772,Liberia,2015-12-28 00:00:00,Jacksonville,Clinic,Sinoe,Jacksonvi,5.41245,-9.08578,"Jacksonville, Sinoe"
773,Liberia,2015-12-29 00:00:00,ENI Clinic,Clinic,Sinoe,,5.43626,-8.9317,"ENI Clinic, Sinoe"
774,Liberia,2015-12-30 00:00:00,Roselyn Toe Massaquoi,Clinic,Sinoe,,5.3745,-8.96184,"Roselyn Toe Massaquoi, Sinoe"
775,Liberia,2015-12-31 00:00:00,Wiah Town,Clinic,Sinoe,,5.2941368,-9.001917,"Wiah Town, Sinoe"
776,Liberia,2016-01-01 00:00:00,Drapo Clinic,,Sinoe,Drapo,5.037407748,-8.908884303,"Drapo Clinic, Sinoe"
777,Liberia,2016-01-02 00:00:00,DEJIJA KILO CLINIC,Clinic,Sinoe,Pine,5.086265115,-8.97022728,"DEJIJA KILO CLINIC, Sinoe"
778,Liberia,2016-01-03 00:00:00,SAYWON TOWN CLINIC,Clinic,Sinoe,Sayone,5.052771898,-8.833101151,"SAYWON TOWN CLINIC, Sinoe"
779,Liberia,2016-01-04 00:00:00,KABADA CLINIC,Clinic,Sinoe,,4.989447857,-8.841235849,"KABADA CLINIC, Sinoe"
780,Liberia,2016-01-05 00:00:00,Kilo Town,Clinic,Sinoe,,5.09252,-8.97223,"Kilo Town, Sinoe"
781,Liberia,2016-01-06 00:00:00,PANAMA CLINIC,,Sinoe,,4.991273586,-8.939561142,"PANAMA CLINIC, Sinoe"
782,Liberia,2016-01-07 00:00:00,SINOE RUBBER COMPANY CLINIC,,Sinoe,,5.161351615,-8.966614569,"SINOE RUBBER COMPANY CLINIC, Sinoe"
783,Liberia,2016-01-08 00:00:00,SRC,Clinic,Sinoe,,5.13308,-8.99635,"SRC, Sinoe"
784,Liberia,2016-01-09 00:00:00,TUBMANVILLE CLINIC,Clinic,Sinoe,,4.9972821,-8.8877499,"TUBMANVILLE CLINIC, Sinoe"
785,Liberia,2016-01-10 00:00:00,Chebioh's Town,Clinic,Sinoe,Chebioh's Town,5.5288576,-8.6330781,"Chebioh's Town, Sinoe"
786,Liberia,2016-01-11 00:00:00,Pyne Town,Clinic,Sinoe,Paye Town,5.69374,-8.40083,"Pyne Town, Sinoe"
787,Liberia,2016-01-12 00:00:00,Pellokon,Clinic,Sinoe,,5.67882,-8.59069,"Pellokon, Sinoe"
788,Liberia,2016-01-13 00:00:00,Voogbardee,Clinic,Sinoe,,5.78907,-8.54031,"Voogbardee, Sinoe"
